,ID,Auteur,Naissance (min),Naissance (max),Mort (min),Mort (max),Témoin,Partie,Chapitre,Section,size
0,ambroise,Ambroise (0340?-0397 ; saint),340,340,397.0,397.0,basnage,coutume,DE SUCCESSIONS EN PROPRE,CCXXXV. Temps et acte de l ’ adition d ’ heredité.,4
1,ambroise,Ambroise (0340?-0397 ; saint),340,340,397.0,397.0,basnage,coutume,DU DOUAIRE.,CCCLXIX. Femme quand a doüaire sur les biens du pere et ayeul de son mary.,1
2,ambroise,Ambroise (0340?-0397 ; saint),340,340,397.0,397.0,berault,"COMMENTAIRES SVR LES COVSTVMES DV PAYS DE NORMANDIE, ANCIENS RESSORS ET ENCLAVES D ICELVY.",DE DONATIONS.,CCCCXXXIIII.,1
3,ambroise,Ambroise (0340?-0397 ; saint),340,340,397.0,397.0,berault,"COMMENTAIRES SVR LES COVSTVMES DV PAYS DE NORMANDIE, ANCIENS RESSORS ET ENCLAVES D ICELVY.",DE SVCCESSION EN PROPRE ET ANCIEN PATRIMOINE TANT EN ligne directe que collaterale.,introduction,1
4,ambroise,Ambroise (0340?-0397 ; saint),340,340,397.0,397.0,terrien,"LIVRE QVATRIEME. QVI EST DES DROICTS ET DEMAIne du Roy, et de la chose publique.",Des pauures et mandiens valides. Chap. XXVII.,Henry 1556.,1
5,ammian,Ammien Marcellin (0330?-0400?),330,330,395.0,395.0,basnage,coutume,"DE SUCCESSION EN PROPRE AU BAILLIAGE DE CAUX, ET AUTRES LIEUX TENANS NATURE D ’ ICELUY.",introduction,2
6,ammian,Ammien Marcellin (0330?-0400?),330,330,395.0,395.0,berault,"COMMENTAIRES SVR LES COVSTVMES DV PAYS DE NORMANDIE, ANCIENS RESSORS ET ENCLAVES D ICELVY.",TITRE DE JURISDICTION.,XXIII.,1
7,anast,Anastase I (0431?-0518 ; empereur d'Orient),431,431,518.0,518.0,basnage,coutume,DE SUCCESSIONS EN PROPRE,CCXXXV. Temps et acte de l ’ adition d ’ heredité.,2
8,anast,Anastase I (0431?-0518 ; empereur d'Orient),431,431,518.0,518.0,berault,"COMMENTAIRES SVR LES COVSTVMES DV PAYS DE NORMANDIE, ANCIENS RESSORS ET ENCLAVES D ICELVY.",DE BRIEF DE MARIAGE ENCOMBRÉ.,V. C. XXXVIII.,1
9,appo,Sidoine Apollinaire (0431?-0487? ; saint),431,431,487.0,487.0,basnage,coutume,DES SUCCESSIONS COLLATERALES AUX MEUBLES ET ACQUESTS.,CCCXXIX. Quelle part la femme aprés la mort du mary prend aux conquests.,1
10,apulee,Apulée (0125?-0180?),125,125,180.0,180.0,basnage,coutume,DE HARO.,introduction,1
11,apulee,Apulée (0125?-0180?),125,125,180.0,180.0,basnage,coutume,DU DOUAIRE.,CCCLXIX. Femme quand a doüaire sur les biens du pere et ayeul de son mary.,1
12,apulee,Apulée (0125?-0180?),125,125,180.0,180.0,berault,"COMMENTAIRES SVR LES COVSTVMES DV PAYS DE NORMANDIE, ANCIENS RESSORS ET ENCLAVES D ICELVY.",DES EXECVTIONS PAR DECRET.,V. C. LIIII.,1
13,arcadius,Arcadius (0377?-0408 ; empereur d'Orient),377,377,408.0,408.0,basnage,coutume,DE SUCCESSIONS EN PROPRE,CCXXXV. Temps et acte de l ’ adition d ’ heredité.,4
14,arcadius,Arcadius (0377?-0408 ; empereur d'Orient),377,377,408.0,408.0,basnage,coutume,DES FIEFS ET DROITS FEODAUX,CCX. Nouvelle construction de pescherie et moulin.,1
15,arcadius,Arcadius (0377?-0408 ; empereur d'Orient),377,377,408.0,408.0,basnage,coutume,DES FIEFS ET DROITS FEODAUX,introduction,1
16,arist,Apulée (0125?-0180?),-384,-384,-322.0,-322.0,berault,"COMMENTAIRES SVR LES COVSTVMES DV PAYS DE NORMANDIE, ANCIENS RESSORS ET ENCLAVES D ICELVY.",CHAPITRE DE GARDES.,CCXXVII.,1
17,arist,Apulée (0125?-0180?),-384,-384,-322.0,-322.0,berault,"COMMENTAIRES SVR LES COVSTVMES DV PAYS DE NORMANDIE, ANCIENS RESSORS ET ENCLAVES D ICELVY.",CHAPITRE DES FIEFS ET DROITS FEODAVX.,CXXV.,1
18,arist,Apulée (0125?-0180?),-384,-384,-322.0,-322.0,berault,"COMMENTAIRES SVR LES COVSTVMES DV PAYS DE NORMANDIE, ANCIENS RESSORS ET ENCLAVES D ICELVY.","DE DOVAIRE DE FEMMES, ET VEVFVAGE. des maris.",CCCLXXXII.,1
19,arist,Apulée (0125?-0180?),-384,-384,-322.0,-322.0,berault,"COMMENTAIRES SVR LES COVSTVMES DV PAYS DE NORMANDIE, ANCIENS RESSORS ET ENCLAVES D ICELVY.",DE TESTAMENS.,CCCCXXII.,1
20,arist,Apulée (0125?-0180?),-384,-384,-322.0,-322.0,berault,"COMMENTAIRES SVR LES COVSTVMES DV PAYS DE NORMANDIE, ANCIENS RESSORS ET ENCLAVES D ICELVY.",DES EXECVTIONS PAR DECRET.,introduction,1
21,arist,Apulée (0125?-0180?),-384,-384,-322.0,-322.0,berault,"COMMENTAIRES SVR LES COVSTVMES DV PAYS DE NORMANDIE, ANCIENS RESSORS ET ENCLAVES D ICELVY.",TITRE DE JURISDICTION.,XXXVIII.,1
22,aristophane,Aristophane (0445?-0386? av. J.-C.),-445,-445,-386.0,-386.0,basnage,coutume,DES TESTAMENS.,CCCCXIX.,1
23,aristote,Aristote (0384-0322 av. J.-C.),-384,-384,-322.0,-322.0,basnage,coutume,DE BREF DE MARIAGE ENCOMBRÉ.,"CCCCCXXXVIII. Contrats d ’ alienation du bien de la femme, quand sont vallables.",1
24,aristote,Aristote (0384-0322 av. J.-C.),-384,-384,-322.0,-322.0,basnage,coutume,DE SUCCESSIONS EN PROPRE,CCXXXV. Temps et acte de l ’ adition d ’ heredité.,2
25,aristote,Aristote (0384-0322 av. J.-C.),-384,-384,-322.0,-322.0,basnage,coutume,DES DONATIONS.,"CCCCXXXI. Quelles personnes peuvent donner entre vifs, quoy, et à qui.",1
26,aristote,Aristote (0384-0322 av. J.-C.),-384,-384,-322.0,-322.0,basnage,coutume,DES FIEFS ET DROITS FEODAUX,CXLIX.,1
27,aristote,Aristote (0384-0322 av. J.-C.),-384,-384,-322.0,-322.0,basnage,coutume,DES TESTAMENS.,introduction,1
28,aristote,Aristote (0384-0322 av. J.-C.),-384,-384,-322.0,-322.0,basnage,coutume,DU DOUAIRE.,CCCCVIII. Remplacement du propre quand est reputé conquests.,1
29,aristote,Aristote (0384-0322 av. J.-C.),-384,-384,-322.0,-322.0,basnage,coutume,DU DOUAIRE.,CCCLXIX. Femme quand a doüaire sur les biens du pere et ayeul de son mary.,4
30,aristote,Aristote (0384-0322 av. J.-C.),-384,-384,-322.0,-322.0,basnage,coutume,DU DOUAIRE.,CCCLXXXIX. Femme n ’ a communauté avec le mary.,1
31,aristote,Aristote (0384-0322 av. J.-C.),-384,-384,-322.0,-322.0,basnage,coutume,TITRE DE JURISDICTION.,III.,1
32,aristote,Aristote (0384-0322 av. J.-C.),-384,-384,-322.0,-322.0,terrien,"LIVRE ONZIEME, QVI EST, D ’ APPELLATIONS ET DOleances en matieres ciuiles, à sortir deuant les Iuges suiets à la Cour.",Aucun titre.,François premier 1540.,2
33,aristote,Aristote (0384-0322 av. J.-C.),-384,-384,-322.0,-322.0,terrien,"LIVRE PREMIER QVI EST, DE LA IVSTICE ET DV droict des Normans.",De Droict et de Iustice. Chap. I.,La Coustume au chapitre De Justice.,4
34,aristote,Aristote (0384-0322 av. J.-C.),-384,-384,-322.0,-322.0,terrien,"LIVRE SECOND. QVI EST, DV DROICT ET Estat des personnes.",Des Marchans. Chap. X.,"Charles ix-tenant ses Estats à Orléans, l ’ an 1560.",2
35,artemidore,Artémidore d'Éphèse (01..-01..?),100,199,100.0,199.0,basnage,coutume,TITRE DE JURISDICTION.,XIII.,1
36,augustin,Augustin (0354-0430 ; saint),354,354,430.0,430.0,basnage,coutume,DE BREF DE MARIAGE ENCOMBRÉ.,CCCCCXLI. Cas auquel elle ne peut avoir recompense.,1
37,augustin,Augustin (0354-0430 ; saint),354,354,430.0,430.0,basnage,coutume,DE PARTAGE D ’ HERITAGE.,CCCLVII. Action des soeurs pour leur mariage contre leurs freres,1
38,augustin,Augustin (0354-0430 ; saint),354,354,430.0,430.0,basnage,coutume,DE SUCCESSIONS EN PROPRE,CCXXXV. Temps et acte de l ’ adition d ’ heredité.,9
39,augustin,Augustin (0354-0430 ; saint),354,354,430.0,430.0,basnage,coutume,DES FIEFS ET DROITS FEODAUX,CXLII. Que peut demander celuy qui a fait don de son bien à l ’ Eglise.,1
40,augustin,Augustin (0354-0430 ; saint),354,354,430.0,430.0,basnage,coutume,DES FIEFS ET DROITS FEODAUX,introduction,1
41,augustin,Augustin (0354-0430 ; saint),354,354,430.0,430.0,basnage,coutume,DU DOUAIRE.,CCCXCI. Meubles de la femme separée de biens à qui appartienent.,1
42,augustin,Augustin (0354-0430 ; saint),354,354,430.0,430.0,berault,"COMMENTAIRES SVR LES COVSTVMES DV PAYS DE NORMANDIE, ANCIENS RESSORS ET ENCLAVES D ICELVY.",CHAPITRE DES FIEFS ET DROITS FEODAVX.,CLI.,1
43,augustin,Augustin (0354-0430 ; saint),354,354,430.0,430.0,berault,"COMMENTAIRES SVR LES COVSTVMES DV PAYS DE NORMANDIE, ANCIENS RESSORS ET ENCLAVES D ICELVY.",DE SERVITVDES.,VI. C. XXI.,1
44,augustin,Augustin (0354-0430 ; saint),354,354,430.0,430.0,berault,"COMMENTAIRES SVR LES COVSTVMES DV PAYS DE NORMANDIE, ANCIENS RESSORS ET ENCLAVES D ICELVY.",DE SVCCESSION EN PROPRE ET ANCIEN PATRIMOINE TANT EN ligne directe que collaterale.,CCXLIX.,1
45,augustin,Augustin (0354-0430 ; saint),354,354,430.0,430.0,berault,"COMMENTAIRES SVR LES COVSTVMES DV PAYS DE NORMANDIE, ANCIENS RESSORS ET ENCLAVES D ICELVY.",DE TESTAMENS.,CCCCXXII.,1
46,augustin,Augustin (0354-0430 ; saint),354,354,430.0,430.0,berault,"COMMENTAIRES SVR LES COVSTVMES DV PAYS DE NORMANDIE, ANCIENS RESSORS ET ENCLAVES D ICELVY.",DES SVCCESSIONS EN PROPRE AV BAILLIAGE DE CAVX ET AUTRES LIEVX OV LADITE COVTVME S ’ ESTEND EN LA VICOMTÉ DE ROVEN.,introduction,1
47,augustin,Augustin (0354-0430 ; saint),354,354,430.0,430.0,terrien,"LIVRE DOVZIEME, QVI EST, DES CRIMES ET PROcez criminels.","D ’ inquisition d ’ office de Iustice, ce du deuoir des Iuges. Chap. XXXI.",Au chapitre De forfaitures.,1
48,augustin,Augustin (0354-0430 ; saint),354,354,430.0,430.0,terrien,"LIVRE DOVZIEME, QVI EST, DES CRIMES ET PROcez criminels.","Des pronostiqueurs, cs diuinateurs, es oAegyptiens. Chap. X.",Charles ix-tenant ses Estats à Orléans 1560.,1
49,augustin,Augustin (0354-0430 ; saint),354,354,430.0,430.0,terrien,"LIVRE PREMIER QVI EST, DE LA IVSTICE ET DV droict des Normans.",De Droict et de Iustice. Chap. I.,La Coustume au premier chapitre.,2
50,augustin,Augustin (0354-0430 ; saint),354,354,430.0,430.0,terrien,"LIVRE QVATRIEME. QVI EST DES DROICTS ET DEMAIne du Roy, et de la chose publique.",De faire et entretenir des puys an eau. Chap. XIIII.,François au Bailly de C. 1540.,1
51,aulus,Aulu-Gelle (0123?-0180?),123,123,180.0,180.0,basnage,coutume,DE SUCCESSIONS EN PROPRE,CCXXXV. Temps et acte de l ’ adition d ’ heredité.,2
52,aulus,Aulu-Gelle (0123?-0180?),123,123,180.0,180.0,basnage,coutume,DES FIEFS ET DROITS FEODAUX,CCX. Nouvelle construction de pescherie et moulin.,1
53,aulus,Aulu-Gelle (0123?-0180?),123,123,180.0,180.0,basnage,coutume,DU DOUAIRE.,CCCXCI. Meubles de la femme separée de biens à qui appartienent.,1
54,aulus,Aulu-Gelle (0123?-0180?),123,123,180.0,180.0,basnage,coutume,DU DOUAIRE.,CCCXCV. Biens paraphernaux.,2
55,aulus,Aulu-Gelle (0123?-0180?),123,123,180.0,180.0,berault,"COMMENTAIRES SVR LES COVSTVMES DV PAYS DE NORMANDIE, ANCIENS RESSORS ET ENCLAVES D ICELVY.",CHAPITRE DES FIEFS ET DROITS FEODAVX.,CXXVI.,1
56,aulus,Aulu-Gelle (0123?-0180?),123,123,180.0,180.0,terrien,"LIVRE DOVZIEME, QVI EST, DES CRIMES ET PROcez criminels.",De larcin. Chap. XX.,La Coustume au chapitre De Justice.,2
57,aulus,Aulu-Gelle (0123?-0180?),123,123,180.0,180.0,terrien,"LIVRE DOVZIEME, QVI EST, DES CRIMES ET PROcez criminels.","De simple querelle personnel, qui se fait pour bateries co mal-façons de corps. Chap. : XXVI.",La Coustume.,1
58,basile,Basile de Césarée (0329?-0379 ; saint),329,329,379.0,379.0,basnage,coutume,DE PRESCRIPTIONS.,introduction,1
59,basile,Basile de Césarée (0329?-0379 ; saint),329,329,379.0,379.0,basnage,coutume,DE SUCCESSIONS EN PROPRE,CCXXXV. Temps et acte de l ’ adition d ’ heredité.,3
60,caesar,"César, Jules (0100-0044 av. J.-C.)",-100,-100,-44.0,-44.0,basnage,coutume,DES FIEFS ET DROITS FEODAUX,CCXI. Tresor trouvé à qui appartient.,1
61,caesar,"César, Jules (0100-0044 av. J.-C.)",-100,-100,-44.0,-44.0,basnage,coutume,DES FIEFS ET DROITS FEODAUX,CXLII. Que peut demander celuy qui a fait don de son bien à l ’ Eglise.,1
62,caesar,"César, Jules (0100-0044 av. J.-C.)",-100,-100,-44.0,-44.0,basnage,coutume,DES SUCCESSIONS COLLATERALES AUX MEUBLES ET ACQUESTS.,CCCXXIX. Quelle part la femme aprés la mort du mary prend aux conquests.,1
63,caesar,"César, Jules (0100-0044 av. J.-C.)",-100,-100,-44.0,-44.0,basnage,coutume,TITRE DE JURISDICTION.,XIII.,1
64,caesar,"César, Jules (0100-0044 av. J.-C.)",-100,-100,-44.0,-44.0,basnage,coutume,TITRE DE JURISDICTION.,XXXI.,1
65,caesar,"César, Jules (0100-0044 av. J.-C.)",-100,-100,-44.0,-44.0,berault,"COMMENTAIRES SVR LES COVSTVMES DV PAYS DE NORMANDIE, ANCIENS RESSORS ET ENCLAVES D ICELVY.",CHAPITRE DE GARDES.,CCXXX.,1
66,caesar,"César, Jules (0100-0044 av. J.-C.)",-100,-100,-44.0,-44.0,berault,"COMMENTAIRES SVR LES COVSTVMES DV PAYS DE NORMANDIE, ANCIENS RESSORS ET ENCLAVES D ICELVY.","DE DOVAIRE DE FEMMES, ET VEVFVAGE. des maris.",introduction,1
67,caesar,"César, Jules (0100-0044 av. J.-C.)",-100,-100,-44.0,-44.0,berault,"COMMENTAIRES SVR LES COVSTVMES DV PAYS DE NORMANDIE, ANCIENS RESSORS ET ENCLAVES D ICELVY.",DES SVCCESSIONS EN PROPRE AV BAILLIAGE DE CAVX ET AUTRES LIEVX OV LADITE COVTVME S ’ ESTEND EN LA VICOMTÉ DE ROVEN.,CCLXXXV.,1
68,caesar,"César, Jules (0100-0044 av. J.-C.)",-100,-100,-44.0,-44.0,pesnelle,COUTUME DE NORMANDIE.,CHAPITRE VINGT-DEUXIEME. DES EXECUTIONS PAR DÉCRET.,introduction,1
69,caesar,"César, Jules (0100-0044 av. J.-C.)",-100,-100,-44.0,-44.0,terrien,"LIVRE NEVFIEME, QVI EST, DE L ’ ORDRE ET STYLE de proceder és Cours inferieures. Et premièrement és matieres ciuiles, et en première instance.","Des parties litigantes, cs de ceux qui ne sont personnes legitimes. d ’ eter en iugement. Chap. V",La coustume au chapitre De tesmoins.,1
70,caesar,"César, Jules (0100-0044 av. J.-C.)",-100,-100,-44.0,-44.0,terrien,LIVRE TROISIESME QVI EST DES MAGISTRATS ET officiers ordinaires de la Iustice.,Du Roy duc de Normandie. Chap. 1.,La Coustume au chapitre du Duc.,1
71,cassiod,Cassiodore (0490?-0580?),490,490,580.0,580.0,basnage,coutume,DE SUCCESSIONS EN PROPRE,CCXXXV. Temps et acte de l ’ adition d ’ heredité.,1
72,cassiod,Cassiodore (0490?-0580?),490,490,580.0,580.0,basnage,coutume,DU DOUAIRE.,CCCLXXVII.,1
73,cassiod,Cassiodore (0490?-0580?),490,490,580.0,580.0,berault,"COMMENTAIRES SVR LES COVSTVMES DV PAYS DE NORMANDIE, ANCIENS RESSORS ET ENCLAVES D ICELVY.",CHAPITRE DE GARDES.,CCXXIII.,1
74,cassiod,Cassiodore (0490?-0580?),490,490,580.0,580.0,berault,"COMMENTAIRES SVR LES COVSTVMES DV PAYS DE NORMANDIE, ANCIENS RESSORS ET ENCLAVES D ICELVY.",CHAPITRE DES FIEFS ET DROITS FEODAVX.,CCXL.,1
75,cassiod,Cassiodore (0490?-0580?),490,490,580.0,580.0,berault,"COMMENTAIRES SVR LES COVSTVMES DV PAYS DE NORMANDIE, ANCIENS RESSORS ET ENCLAVES D ICELVY.",CHAPITRE DES FIEFS ET DROITS FEODAVX.,CXXV.,1
76,cassiod,Cassiodore (0490?-0580?),490,490,580.0,580.0,berault,"COMMENTAIRES SVR LES COVSTVMES DV PAYS DE NORMANDIE, ANCIENS RESSORS ET ENCLAVES D ICELVY.",DES EXECVTIONS PAR DECRET.,V. C. XLVII.,1
77,cassiod,Cassiodore (0490?-0580?),490,490,580.0,580.0,berault,"COMMENTAIRES SVR LES COVSTVMES DV PAYS DE NORMANDIE, ANCIENS RESSORS ET ENCLAVES D ICELVY.",TITRE DE JURISDICTION.,XXIIII.,1
78,cassiod,Cassiodore (0490?-0580?),490,490,580.0,580.0,berault,"COMMENTAIRES SVR LES COVSTVMES DV PAYS DE NORMANDIE, ANCIENS RESSORS ET ENCLAVES D ICELVY.",TITRE DE JURISDICTION.,XXVII.,1
79,cassiod,Cassiodore (0490?-0580?),490,490,580.0,580.0,pesnelle,COUTUME DE NORMANDIE.,CHAPITRE NEUVIEME. DES FIEFS ET DROITS FEODAUX.,CCXII.,1
80,caton,"Cato, Valerius (0090-0001 av. J.C.)",-90,-90,-1.0,-1.0,basnage,coutume,DU DOUAIRE.,CCCXCV. Biens paraphernaux.,2
81,caton,"Cato, Valerius (0090-0001 av. J.C.)",-90,-90,-1.0,-1.0,berault,"COMMENTAIRES SVR LES COVSTVMES DV PAYS DE NORMANDIE, ANCIENS RESSORS ET ENCLAVES D ICELVY.",DE SVCCESSION EN PROPRE ET ANCIEN PATRIMOINE TANT EN ligne directe que collaterale.,CCXLIX.,1
82,catulle,Catulle (0087?-0052? av. J.-C.),-87,-87,-52.0,-52.0,basnage,coutume,DU DOUAIRE.,CCCLXIX. Femme quand a doüaire sur les biens du pere et ayeul de son mary.,1
83,catulle,Catulle (0087?-0052? av. J.-C.),-87,-87,-52.0,-52.0,basnage,coutume,DU DOUAIRE.,CCCLXXXVII.,1
84,cicero,Cicéron (0106-0043 av. J.-C.),-106,-106,-43.0,-43.0,basnage,coutume,DE DELIVRANCE DE NAMPS.,introduction,1
85,cicero,Cicéron (0106-0043 av. J.-C.),-106,-106,-43.0,-43.0,basnage,coutume,DE LOY APPAROISSANTE,introduction,2
86,cicero,Cicéron (0106-0043 av. J.-C.),-106,-106,-43.0,-43.0,basnage,coutume,DE SUCCESSIONS EN PROPRE,CCXLV. Distinction du paternel avec le maternel.,1
87,cicero,Cicéron (0106-0043 av. J.-C.),-106,-106,-43.0,-43.0,basnage,coutume,DE SUCCESSIONS EN PROPRE,CCXXXV. Temps et acte de l ’ adition d ’ heredité.,3
88,cicero,Cicéron (0106-0043 av. J.-C.),-106,-106,-43.0,-43.0,basnage,coutume,DES DONATIONS.,"CCCCXXXI. Quelles personnes peuvent donner entre vifs, quoy, et à qui.",1
89,cicero,Cicéron (0106-0043 av. J.-C.),-106,-106,-43.0,-43.0,basnage,coutume,DES FIEFS ET DROITS FEODAUX,CLXXXVI.,1
90,cicero,Cicéron (0106-0043 av. J.-C.),-106,-106,-43.0,-43.0,basnage,coutume,DES FIEFS ET DROITS FEODAUX,CXLII. Que peut demander celuy qui a fait don de son bien à l ’ Eglise.,2
91,cicero,Cicéron (0106-0043 av. J.-C.),-106,-106,-43.0,-43.0,basnage,coutume,DES FIEFS ET DROITS FEODAUX,CXLVIII. Droits d ’ Aubeine.,1
92,cicero,Cicéron (0106-0043 av. J.-C.),-106,-106,-43.0,-43.0,basnage,coutume,DES RETRAITS ET CLAMEUR DE BOURSE.,CCCCLI. Quatre sortes de retraits.,1
93,cicero,Cicéron (0106-0043 av. J.-C.),-106,-106,-43.0,-43.0,basnage,coutume,DU DOUAIRE.,CCCLXIX. Femme quand a doüaire sur les biens du pere et ayeul de son mary.,1
94,cicero,Cicéron (0106-0043 av. J.-C.),-106,-106,-43.0,-43.0,basnage,coutume,TITRE DE JURISDICTION.,XX. Jurisdiction de Hauts-Justiciers.,1
95,cicero,Cicéron (0106-0043 av. J.-C.),-106,-106,-43.0,-43.0,basnage,coutume,TITRE DE JURISDICTION.,XXIV. Jurisdiction des Bas-Justiciers.,1
96,cicero,Cicéron (0106-0043 av. J.-C.),-106,-106,-43.0,-43.0,basnage,coutume,TITRE DE JURISDICTION.,introduction,2
97,cicero,Cicéron (0106-0043 av. J.-C.),-106,-106,-43.0,-43.0,berault,"COMMENTAIRES SVR LES COVSTVMES DV PAYS DE NORMANDIE, ANCIENS RESSORS ET ENCLAVES D ICELVY.",DE BRIEF DE MARIAGE ENCOMBRÉ.,V. C. XLIII.,1
98,cicero,Cicéron (0106-0043 av. J.-C.),-106,-106,-43.0,-43.0,berault,"COMMENTAIRES SVR LES COVSTVMES DV PAYS DE NORMANDIE, ANCIENS RESSORS ET ENCLAVES D ICELVY.",DE DONATIONS.,CCCCXLIX.,1
99,cicero,Cicéron (0106-0043 av. J.-C.),-106,-106,-43.0,-43.0,berault,"COMMENTAIRES SVR LES COVSTVMES DV PAYS DE NORMANDIE, ANCIENS RESSORS ET ENCLAVES D ICELVY.",DE PRESCRIPTIONS.,introduction,1
100,cicero,Cicéron (0106-0043 av. J.-C.),-106,-106,-43.0,-43.0,berault,"COMMENTAIRES SVR LES COVSTVMES DV PAYS DE NORMANDIE, ANCIENS RESSORS ET ENCLAVES D ICELVY.",DE SERVITVDES.,VI. C. XXII.,1
101,cicero,Cicéron (0106-0043 av. J.-C.),-106,-106,-43.0,-43.0,berault,"COMMENTAIRES SVR LES COVSTVMES DV PAYS DE NORMANDIE, ANCIENS RESSORS ET ENCLAVES D ICELVY.",DE SVCCESSION EN PROPRE ET ANCIEN PATRIMOINE TANT EN ligne directe que collaterale.,introduction,1
102,cicero,Cicéron (0106-0043 av. J.-C.),-106,-106,-43.0,-43.0,berault,"COMMENTAIRES SVR LES COVSTVMES DV PAYS DE NORMANDIE, ANCIENS RESSORS ET ENCLAVES D ICELVY.",DES EXECVTIONS PAR DECRET.,V. C XLVI.,2
103,cicero,Cicéron (0106-0043 av. J.-C.),-106,-106,-43.0,-43.0,berault,"COMMENTAIRES SVR LES COVSTVMES DV PAYS DE NORMANDIE, ANCIENS RESSORS ET ENCLAVES D ICELVY.",DES EXECVTIONS PAR DECRET.,V. C. LIX.,1
104,cicero,Cicéron (0106-0043 av. J.-C.),-106,-106,-43.0,-43.0,berault,"COMMENTAIRES SVR LES COVSTVMES DV PAYS DE NORMANDIE, ANCIENS RESSORS ET ENCLAVES D ICELVY.",DES EXECVTIONS PAR DECRET.,V. C. XLIX.,1
105,cicero,Cicéron (0106-0043 av. J.-C.),-106,-106,-43.0,-43.0,berault,"COMMENTAIRES SVR LES COVSTVMES DV PAYS DE NORMANDIE, ANCIENS RESSORS ET ENCLAVES D ICELVY.",DES EXECVTIONS PAR DECRET.,introduction,1
106,cicero,Cicéron (0106-0043 av. J.-C.),-106,-106,-43.0,-43.0,berault,"COMMENTAIRES SVR LES COVSTVMES DV PAYS DE NORMANDIE, ANCIENS RESSORS ET ENCLAVES D ICELVY.",TITRE DE JURISDICTION.,III.,1
107,cicero,Cicéron (0106-0043 av. J.-C.),-106,-106,-43.0,-43.0,pesnelle,COUTUME DE NORMANDIE.,CHAPITRE VINGT-DEUXIEME. DES EXECUTIONS PAR DÉCRET.,introduction,1
108,cicero,Cicéron (0106-0043 av. J.-C.),-106,-106,-43.0,-43.0,pesnelle,COUTUME DE NORMANDIE.,CHAPITRE VINGT-QUATRIEME. DE SERVITUDES.,DCXX.,1
109,cicero,Cicéron (0106-0043 av. J.-C.),-106,-106,-43.0,-43.0,terrien,"LIVRE DIXIEME, QVI, EST, DES IVGEMENS ET SENtences, et de l ’ execution tant d ’ icelles sentences, que de lettres obligatoires.",Des fentences et forme de iuger. Chap. I.,Ladite Coustume.,6
110,cicero,Cicéron (0106-0043 av. J.-C.),-106,-106,-43.0,-43.0,terrien,"LIVRE DOVZIEME, QVI EST, DES CRIMES ET PROcez criminels.",De larcin. Chap. XX.,La Coustume au chapitre De Justice.,1
111,cicero,Cicéron (0106-0043 av. J.-C.),-106,-106,-43.0,-43.0,terrien,"LIVRE DOVZIEME, QVI EST, DES CRIMES ET PROcez criminels.","De port d ’ armes, et amas de gens. Chap. XV.",François premier 1532.,1
112,cicero,Cicéron (0106-0043 av. J.-C.),-106,-106,-43.0,-43.0,terrien,"LIVRE DOVZIEME, QVI EST, DES CRIMES ET PROcez criminels.",Loys xi. 1498. De la sentence es execution d icelles Chap. XXXIX.,Loys xi. 1498.,1
113,cicero,Cicéron (0106-0043 av. J.-C.),-106,-106,-43.0,-43.0,terrien,"LIVRE HVITIEME, QVI EST, D ’ ACTIONS, QVERELLES, ou clameurs.",De bref de fief és de gage. Chap. XVIII.,La Coustume.,2
114,cicero,Cicéron (0106-0043 av. J.-C.),-106,-106,-43.0,-43.0,terrien,"LIVRE HVITIEME, QVI EST, D ’ ACTIONS, QVERELLES, ou clameurs.","De clameur reuocatoire, co autres rescissions de contracts. Chap. XXVIII.",Au Style.,1
115,cicero,Cicéron (0106-0043 av. J.-C.),-106,-106,-43.0,-43.0,terrien,"LIVRE NEVFIEME, QVI EST, DE L ’ ORDRE ET STYLE de proceder és Cours inferieures. Et premièrement és matieres ciuiles, et en première instance.","D ’ escriture de faicts, es appointement en faict ou en droict. Chap. XXVII.",L ’ Eschiquier 1462. et 1497.,1
116,cicero,Cicéron (0106-0043 av. J.-C.),-106,-106,-43.0,-43.0,terrien,"LIVRE NEVFIEME, QVI EST, DE L ’ ORDRE ET STYLE de proceder és Cours inferieures. Et premièrement és matieres ciuiles, et en première instance.","De Cour, et du lieu à tenir iurisdiction. Chap. I.","La Coustume, au chapître De Cour.",2
117,cicero,Cicéron (0106-0043 av. J.-C.),-106,-106,-43.0,-43.0,terrien,"LIVRE NEVFIEME, QVI EST, DE L ’ ORDRE ET STYLE de proceder és Cours inferieures. Et premièrement és matieres ciuiles, et en première instance.","De preuue qui se fait par enqueste, veuë cs ostension de lieux, Chap. XXXIII.",Ladite Coustume.,2
118,cicero,Cicéron (0106-0043 av. J.-C.),-106,-106,-43.0,-43.0,terrien,"LIVRE ONZIEME, QVI EST, D ’ APPELLATIONS ET DOleances en matieres ciuiles, à sortir deuant les Iuges suiets à la Cour.",Aucun titre.,François premier 1540.,1
119,cicero,Cicéron (0106-0043 av. J.-C.),-106,-106,-43.0,-43.0,terrien,"LIVRE PREMIER QVI EST, DE LA IVSTICE ET DV droict des Normans.",De Droict et de Iustice. Chap. I.,La Coustume au chapitre De Justice.,2
120,cicero,Cicéron (0106-0043 av. J.-C.),-106,-106,-43.0,-43.0,terrien,"LIVRE PREMIER QVI EST, DE LA IVSTICE ET DV droict des Normans.",De Droict et de Iustice. Chap. I.,La Coustume au premier chapitre.,11
121,cicero,Cicéron (0106-0043 av. J.-C.),-106,-106,-43.0,-43.0,terrien,"LIVRE PREMIER QVI EST, DE LA IVSTICE ET DV droict des Normans.",De l ’ obseruance des ordonnances. Chap. IIII.,L ’ Eschiquier l ’ an 1463. et 1469.,1
122,cicero,Cicéron (0106-0043 av. J.-C.),-106,-106,-43.0,-43.0,terrien,"LIVRE QVINZIEME QVI EST, DE LA COVR DE PARLEMENT et Style de proceder en icelle.","De l ’ office des Presidens, es Onseilliers. Chap. III.",Charles viij.,1
123,cicero,Cicéron (0106-0043 av. J.-C.),-106,-106,-43.0,-43.0,terrien,"LIVRE SECOND. QVI EST, DV DROICT ET Estat des personnes.",Des Marchans. Chap. X.,"Charles ix-tenant ses Estats à Orléans, l ’ an 1560.",2
124,cicero,Cicéron (0106-0043 av. J.-C.),-106,-106,-43.0,-43.0,terrien,"LIVRE SECOND. QVI EST, DV DROICT ET Estat des personnes.",Des curateurs des prodigues et insensez Chap. VI.,synthese,1
125,cicero,Cicéron (0106-0043 av. J.-C.),-106,-106,-43.0,-43.0,terrien,"LIVRE SIXIEME QVI EST, DE SVCCESSION ET partages d ’ héritage.",D ’ empeschement de succession. Chap. VI.,"La Coustume sous mesme titre, et au titre De dons que peres sont à leurs enfans.",1
126,cicero,Cicéron (0106-0043 av. J.-C.),-106,-106,-43.0,-43.0,terrien,"LIVRE SIXIEME QVI EST, DE SVCCESSION ET partages d ’ héritage.",De Testamens. Chap. VII.,Au Style De proceder.,1
127,cicero,Cicéron (0106-0043 av. J.-C.),-106,-106,-43.0,-43.0,terrien,LIVRE TROISIESME QVI EST DES MAGISTRATS ET officiers ordinaires de la Iustice.,Des Officiers en general. Chap. III.,Suitte de ladite ordonnance des Roys Charles vij. viij. et xij.,1
128,cicero,Cicéron (0106-0043 av. J.-C.),-106,-106,-43.0,-43.0,terrien,LIVRE TROISIESME QVI EST DES MAGISTRATS ET officiers ordinaires de la Iustice.,Des Officiers en general. Chap. III.,introduction,1
129,curtius,Quinte-Curce (00..-00..),1,99,1.0,99.0,basnage,coutume,DES FIEFS ET DROITS FEODAUX,CXLIX.,1
130,denis-le-petit,Denys le Petit (0497?-0545?),497,497,545.0,545.0,basnage,coutume,DES FIEFS ET DROITS FEODAUX,CXL.,1
131,diocletien,Dioclétien (0245-0313 ; empereur romain),245,245,313.0,313.0,basnage,coutume,DE SUCCESSIONS EN PROPRE,CCXXXV. Temps et acte de l ’ adition d ’ heredité.,3
132,diocletien,Dioclétien (0245-0313 ; empereur romain),245,245,313.0,313.0,basnage,coutume,TITRE DE JURISDICTION.,XXXI.,1
133,diocletien,Dioclétien (0245-0313 ; empereur romain),245,245,313.0,313.0,terrien,"LIVRE HVITIEME, QVI EST, D ’ ACTIONS, QVERELLES, ou clameurs.","De clameur reuocatoire, co autres rescissions de contracts. Chap. XXVIII.",Au Style.,1
134,diod,Diodore de Sicile (0090?-0020? av. J.-C.),-90,-90,-20.0,-20.0,basnage,coutume,DE HARO.,introduction,1
135,diod,Diodore de Sicile (0090?-0020? av. J.-C.),-90,-90,-20.0,-20.0,basnage,coutume,DE VARECH.,introduction,1
136,ennius,"Ennius, Quintus (0239-0169 av. J.-C.)",-239,-239,-169.0,-169.0,basnage,coutume,DU DOUAIRE.,CCCLXIX. Femme quand a doüaire sur les biens du pere et ayeul de son mary.,1
137,firmicus,"Firmicus Maternus, Julius",300,399,400.0,499.0,basnage,coutume,DE SUCCESSIONS EN PROPRE,CCXXXV. Temps et acte de l ’ adition d ’ heredité.,1
138,fortunat,Venance Fortunat (0530-0601 ; saint),530,530,601.0,601.0,basnage,coutume,DES FIEFS ET DROITS FEODAUX,CXLII. Que peut demander celuy qui a fait don de son bien à l ’ Eglise.,1
139,greg-1,Grégoire I (0540?-0604 ; pape),540,540,604.0,604.0,basnage,coutume,DE PATRONNAGE D ’ EGLISE.,LXIX. Temps de presenter les Patrons Laïques et Ecclesiastiques.,1
140,greg-1,Grégoire I (0540?-0604 ; pape),540,540,604.0,604.0,basnage,coutume,DE SUCCESSIONS EN PROPRE,CCXXXV. Temps et acte de l ’ adition d ’ heredité.,3
141,greg-1,Grégoire I (0540?-0604 ; pape),540,540,604.0,604.0,berault,"COMMENTAIRES SVR LES COVSTVMES DV PAYS DE NORMANDIE, ANCIENS RESSORS ET ENCLAVES D ICELVY.",TITRE DE JURISDICTION.,XLVII.,1
142,greg-1,Grégoire I (0540?-0604 ; pape),540,540,604.0,604.0,pesnelle,COUTUME DE NORMANDIE.,CHAPITRE NEUVIEME. DES FIEFS ET DROITS FEODAUX.,CXX.,1
143,hermogenien,Hermogenianus (02..-03..),200,299,200.0,299.0,basnage,coutume,DE SUCCESSIONS EN PROPRE,CCXXXV. Temps et acte de l ’ adition d ’ heredité.,1
144,herodote,Hérodote (0484?-0420? av. J.-C.),-484,-484,-420.0,-420.0,basnage,coutume,"DE SUCCESSION EN PROPRE AU BAILLIAGE DE CAUX, ET AUTRES LIEUX TENANS NATURE D ’ ICELUY.",introduction,1
145,herodote,Hérodote (0484?-0420? av. J.-C.),-484,-484,-420.0,-420.0,berault,"COMMENTAIRES SVR LES COVSTVMES DV PAYS DE NORMANDIE, ANCIENS RESSORS ET ENCLAVES D ICELVY.",CHAPITRE DES FIEFS ET DROITS FEODAVX.,CLI.,1
146,herodote,Hérodote (0484?-0420? av. J.-C.),-484,-484,-420.0,-420.0,berault,"COMMENTAIRES SVR LES COVSTVMES DV PAYS DE NORMANDIE, ANCIENS RESSORS ET ENCLAVES D ICELVY.",DE SVCCESSION EN PROPRE ET ANCIEN PATRIMOINE TANT EN ligne directe que collaterale.,CCLXXV.,1
147,homere,Homère (08..?-08..? av. J.-C.),-899,-800,-899.0,-800.0,basnage,coutume,DE SUCCESSIONS EN PROPRE,CCXXXV. Temps et acte de l ’ adition d ’ heredité.,3
148,homere,Homère (08..?-08..? av. J.-C.),-899,-800,-899.0,-800.0,basnage,coutume,TITRE DE JURISDICTION.,XII.,1
149,homere,Homère (08..?-08..? av. J.-C.),-899,-800,-899.0,-800.0,berault,"COMMENTAIRES SVR LES COVSTVMES DV PAYS DE NORMANDIE, ANCIENS RESSORS ET ENCLAVES D ICELVY.",DE TESTAMENS.,introduction,1
150,homere,Homère (08..?-08..? av. J.-C.),-899,-800,-899.0,-800.0,berault,"COMMENTAIRES SVR LES COVSTVMES DV PAYS DE NORMANDIE, ANCIENS RESSORS ET ENCLAVES D ICELVY.",TITRE DE JURISDICTION.,XII.,1
151,homere,Homère (08..?-08..? av. J.-C.),-899,-800,-899.0,-800.0,berault,"COMMENTAIRES SVR LES COVSTVMES DV PAYS DE NORMANDIE, ANCIENS RESSORS ET ENCLAVES D ICELVY.",TITRE DE JURISDICTION.,XXXVIII.,1
152,homere,Homère (08..?-08..? av. J.-C.),-899,-800,-899.0,-800.0,terrien,"LIVRE DOVZIEME, QVI EST, DES CRIMES ET PROcez criminels.","De simple querelle personnel, qui se fait pour bateries co mal-façons de corps. Chap. : XXVI.",La Coustume.,1
153,honorius,Honorius (0384-0423 ; empereur romain),384,384,423.0,423.0,basnage,coutume,DE SUCCESSIONS EN PROPRE,CCXXXV. Temps et acte de l ’ adition d ’ heredité.,3
154,honorius,Honorius (0384-0423 ; empereur romain),384,384,423.0,423.0,basnage,coutume,DES FIEFS ET DROITS FEODAUX,CCX. Nouvelle construction de pescherie et moulin.,1
155,honorius,Honorius (0384-0423 ; empereur romain),384,384,423.0,423.0,basnage,coutume,DES FIEFS ET DROITS FEODAUX,introduction,1
156,honorius,Honorius (0384-0423 ; empereur romain),384,384,423.0,423.0,berault,"COMMENTAIRES SVR LES COVSTVMES DV PAYS DE NORMANDIE, ANCIENS RESSORS ET ENCLAVES D ICELVY.",DE DONATIONS.,CCCCXLVI.,1
157,horace,Horace (0065-0008 av. J.-C.),-65,-65,-8.0,-8.0,basnage,coutume,DE HARO.,LIV. En quel cas le Haro peut être interjetté.,1
158,horace,Horace (0065-0008 av. J.-C.),-65,-65,-8.0,-8.0,terrien,"LIVRE DOVZIEME, QVI EST, DES CRIMES ET PROcez criminels.","Des plaintes et accusations, cs de clameur de Haro en cas de crime. Chap. XVIII.",La Coustume aux chapitres De roberie et De suite de tre. enfrain.,2
159,horace,Horace (0065-0008 av. J.-C.),-65,-65,-8.0,-8.0,terrien,"LIVRE HVITIEME, QVI EST, D ’ ACTIONS, QVERELLES, ou clameurs.",Des mandats apostoliques. Chap. XV.,Loys Xi. 1510 publ. l ’ an 1520.,1
160,hypocrate,Hippocrate (0460-0377 av. J.-C. ; médecin),-460,-460,-377.0,-377.0,basnage,coutume,DE SUCCESSIONS EN PROPRE,CCXXXV. Temps et acte de l ’ adition d ’ heredité.,1
161,isidore,Isidore de Séville (0560?-0636 ; saint),560,560,636.0,636.0,basnage,coutume,DE BANON ET DÉFENDS.,LXXXII. Les prez et terres non cultivées quand sont en défends.,1
162,isidore,Isidore de Séville (0560?-0636 ; saint),560,560,636.0,636.0,basnage,coutume,DE SUCCESSIONS EN PROPRE,CCXXXV. Temps et acte de l ’ adition d ’ heredité.,1
163,isidore,Isidore de Séville (0560?-0636 ; saint),560,560,636.0,636.0,berault,"COMMENTAIRES SVR LES COVSTVMES DV PAYS DE NORMANDIE, ANCIENS RESSORS ET ENCLAVES D ICELVY.",DE SVCCESSION EN PROPRE ET ANCIEN PATRIMOINE TANT EN ligne directe que collaterale.,CCXLIIII.,1
164,justinien,Justinien Ier (0482-0565 ; empereur de Byzance),482,482,565.0,565.0,basnage,coutume,DE BREF DE MARIAGE ENCOMBRÉ.,"CCCCCXXXVIII. Contrats d ’ alienation du bien de la femme, quand sont vallables.",2
165,justinien,Justinien Ier (0482-0565 ; empereur de Byzance),482,482,565.0,565.0,basnage,coutume,DE HARO.,introduction,1
166,justinien,Justinien Ier (0482-0565 ; empereur de Byzance),482,482,565.0,565.0,basnage,coutume,DE PARTAGE D ’ HERITAGE.,CCCLVII. Action des soeurs pour leur mariage contre leurs freres,1
167,justinien,Justinien Ier (0482-0565 ; empereur de Byzance),482,482,565.0,565.0,basnage,coutume,DE PATRONNAGE D ’ EGLISE.,LXIX. Temps de presenter les Patrons Laïques et Ecclesiastiques.,4
168,justinien,Justinien Ier (0482-0565 ; empereur de Byzance),482,482,565.0,565.0,basnage,coutume,DE PATRONNAGE D ’ EGLISE.,introduction,3
169,justinien,Justinien Ier (0482-0565 ; empereur de Byzance),482,482,565.0,565.0,basnage,coutume,DE PRESCRIPTIONS.,CCCCCXXI. Prescription quadragenaire.,1
170,justinien,Justinien Ier (0482-0565 ; empereur de Byzance),482,482,565.0,565.0,basnage,coutume,DE PRESCRIPTIONS.,CCCCCXXII. Prescription en meuble.,1
171,justinien,Justinien Ier (0482-0565 ; empereur de Byzance),482,482,565.0,565.0,basnage,coutume,DE PRESCRIPTIONS.,CCCCCXXIX. Action en partage ne se prescrit.,1
172,justinien,Justinien Ier (0482-0565 ; empereur de Byzance),482,482,565.0,565.0,basnage,coutume,DE PRESCRIPTIONS.,introduction,6
173,justinien,Justinien Ier (0482-0565 ; empereur de Byzance),482,482,565.0,565.0,basnage,coutume,DE SERVITUDES.,DCVIII.,1
174,justinien,Justinien Ier (0482-0565 ; empereur de Byzance),482,482,565.0,565.0,basnage,coutume,DE SUCCESSIONS EN PROPRE,CCL. Que peut donner le pere mariant sa fille.,3
175,justinien,Justinien Ier (0482-0565 ; empereur de Byzance),482,482,565.0,565.0,basnage,coutume,DE SUCCESSIONS EN PROPRE,CCLI. Que peuvent donner les freres marians leurs soeurs.,1
176,justinien,Justinien Ier (0482-0565 ; empereur de Byzance),482,482,565.0,565.0,basnage,coutume,DE SUCCESSIONS EN PROPRE,CCLX. Fille reservée à succession doit rapporter.,1
177,justinien,Justinien Ier (0482-0565 ; empereur de Byzance),482,482,565.0,565.0,basnage,coutume,DE SUCCESSIONS EN PROPRE,CCLXXV.,1
178,justinien,Justinien Ier (0482-0565 ; empereur de Byzance),482,482,565.0,565.0,basnage,coutume,DE SUCCESSIONS EN PROPRE,CCLXXVII. Enfans des condamnez comment succedent.,1
179,justinien,Justinien Ier (0482-0565 ; empereur de Byzance),482,482,565.0,565.0,basnage,coutume,DE SUCCESSIONS EN PROPRE,CCXLV. Distinction du paternel avec le maternel.,1
180,justinien,Justinien Ier (0482-0565 ; empereur de Byzance),482,482,565.0,565.0,basnage,coutume,DE SUCCESSIONS EN PROPRE,CCXLVII. Comment les biens sont faits propres.,2
181,justinien,Justinien Ier (0482-0565 ; empereur de Byzance),482,482,565.0,565.0,basnage,coutume,DE SUCCESSIONS EN PROPRE,CCXLVIII. Aux propres les mâles excluent les femelles.,1
182,justinien,Justinien Ier (0482-0565 ; empereur de Byzance),482,482,565.0,565.0,basnage,coutume,DE SUCCESSIONS EN PROPRE,CCXXXV. Temps et acte de l ’ adition d ’ heredité.,12
183,justinien,Justinien Ier (0482-0565 ; empereur de Byzance),482,482,565.0,565.0,basnage,coutume,DE SUCCESSIONS EN PROPRE,introduction,1
184,justinien,Justinien Ier (0482-0565 ; empereur de Byzance),482,482,565.0,565.0,basnage,coutume,DES DONATIONS.,"CCCCXXXI. Quelles personnes peuvent donner entre vifs, quoy, et à qui.",4
185,justinien,Justinien Ier (0482-0565 ; empereur de Byzance),482,482,565.0,565.0,basnage,coutume,DES FIEFS ET DROITS FEODAUX,CXL.,1
186,justinien,Justinien Ier (0482-0565 ; empereur de Byzance),482,482,565.0,565.0,basnage,coutume,DES FIEFS ET DROITS FEODAUX,CXLII. Que peut demander celuy qui a fait don de son bien à l ’ Eglise.,1
187,justinien,Justinien Ier (0482-0565 ; empereur de Byzance),482,482,565.0,565.0,basnage,coutume,DES FIEFS ET DROITS FEODAUX,CXLIII. Droit de confiscation à qui appartient et en quel cas écheoit.,3
188,justinien,Justinien Ier (0482-0565 ; empereur de Byzance),482,482,565.0,565.0,basnage,coutume,DES SUCCESSIONS COLLATERALES AUX MEUBLES ET ACQUESTS.,CCCIV. Representation en ligne collaterale.,2
189,justinien,Justinien Ier (0482-0565 ; empereur de Byzance),482,482,565.0,565.0,basnage,coutume,DES SUCCESSIONS COLLATERALES AUX MEUBLES ET ACQUESTS.,CCCXI.,1
190,justinien,Justinien Ier (0482-0565 ; empereur de Byzance),482,482,565.0,565.0,basnage,coutume,DES SUCCESSIONS COLLATERALES AUX MEUBLES ET ACQUESTS.,CCCXX. Les neveux et autres êtans en pareil degré comment succedent.,1
191,justinien,Justinien Ier (0482-0565 ; empereur de Byzance),482,482,565.0,565.0,basnage,coutume,DES TESTAMENS.,CCCCXII. Forme et solennité de Testament.,3
192,justinien,Justinien Ier (0482-0565 ; empereur de Byzance),482,482,565.0,565.0,basnage,coutume,DES TESTAMENS.,CCCCXIII.,3
193,justinien,Justinien Ier (0482-0565 ; empereur de Byzance),482,482,565.0,565.0,basnage,coutume,DES TESTAMENS.,CCCCXIV. Quelles personnes peuvent tester de meuble et comment.,1
194,justinien,Justinien Ier (0482-0565 ; empereur de Byzance),482,482,565.0,565.0,basnage,coutume,DES TESTAMENS.,"CCCCXXII. Disposition par testament du tiers des acquests comment permise, à qui, et au profit de qui.",1
195,justinien,Justinien Ier (0482-0565 ; empereur de Byzance),482,482,565.0,565.0,basnage,coutume,DES TESTAMENS.,CCCCXXVII. Disposition d ’ héritage comment est permise par testament.,1
196,justinien,Justinien Ier (0482-0565 ; empereur de Byzance),482,482,565.0,565.0,basnage,coutume,DU BENEFICE D ’ INVENTAIRE.,"LXXXVI. Benefice d ’ inventaire, et diligences requises en iceluy.",1
197,justinien,Justinien Ier (0482-0565 ; empereur de Byzance),482,482,565.0,565.0,basnage,coutume,DU BENEFICE D ’ INVENTAIRE.,XC.,1
198,justinien,Justinien Ier (0482-0565 ; empereur de Byzance),482,482,565.0,565.0,basnage,coutume,DU BENEFICE D ’ INVENTAIRE.,"XCII. L ’ heritier par benefice d ’ inventaire est tenu faire inventaire, et dans quel temps.",1
199,justinien,Justinien Ier (0482-0565 ; empereur de Byzance),482,482,565.0,565.0,basnage,coutume,DU DOUAIRE.,CCCCIV. Tiers des biens appartenant à la femme acquis aux enfans.,1
200,justinien,Justinien Ier (0482-0565 ; empereur de Byzance),482,482,565.0,565.0,basnage,coutume,DU DOUAIRE.,CCCCV. Femme que peut donner à son second mary.,1
201,justinien,Justinien Ier (0482-0565 ; empereur de Byzance),482,482,565.0,565.0,basnage,coutume,DU DOUAIRE.,CCCLXIX. Femme quand a doüaire sur les biens du pere et ayeul de son mary.,7
202,justinien,Justinien Ier (0482-0565 ; empereur de Byzance),482,482,565.0,565.0,basnage,coutume,DU DOUAIRE.,CCCLXVIII. De quel jour est dû.,2
203,justinien,Justinien Ier (0482-0565 ; empereur de Byzance),482,482,565.0,565.0,basnage,coutume,DU DOUAIRE.,CCCLXXVII.,2
204,justinien,Justinien Ier (0482-0565 ; empereur de Byzance),482,482,565.0,565.0,basnage,coutume,DU DOUAIRE.,CCCLXXXII. Droit de viduitè appartenant au mary.,1
205,justinien,Justinien Ier (0482-0565 ; empereur de Byzance),482,482,565.0,565.0,basnage,coutume,DU DOUAIRE.,CCCXCIX. Doüaire propre aux enfans.,2
206,justinien,Justinien Ier (0482-0565 ; empereur de Byzance),482,482,565.0,565.0,basnage,coutume,DU DOUAIRE.,introduction,2
207,justinien,Justinien Ier (0482-0565 ; empereur de Byzance),482,482,565.0,565.0,basnage,coutume,TITRE DE JURISDICTION.,XIII.,2
208,justinien,Justinien Ier (0482-0565 ; empereur de Byzance),482,482,565.0,565.0,basnage,coutume,TITRE DE JURISDICTION.,introduction,5
209,justinien,Justinien Ier (0482-0565 ; empereur de Byzance),482,482,565.0,565.0,berault,"COMMENTAIRES SVR LES COVSTVMES DV PAYS DE NORMANDIE, ANCIENS RESSORS ET ENCLAVES D ICELVY.",DE BENEFICE D ’ INVENTAIRE,LXXXVI.,1
210,justinien,Justinien Ier (0482-0565 ; empereur de Byzance),482,482,565.0,565.0,berault,"COMMENTAIRES SVR LES COVSTVMES DV PAYS DE NORMANDIE, ANCIENS RESSORS ET ENCLAVES D ICELVY.",DE BRIEF DE MARIAGE ENCOMBRÉ.,V. C. XXXVIII.,1
211,justinien,Justinien Ier (0482-0565 ; empereur de Byzance),482,482,565.0,565.0,berault,"COMMENTAIRES SVR LES COVSTVMES DV PAYS DE NORMANDIE, ANCIENS RESSORS ET ENCLAVES D ICELVY.",DE DONATIONS.,CCCCXLIIII.,1
212,justinien,Justinien Ier (0482-0565 ; empereur de Byzance),482,482,565.0,565.0,berault,"COMMENTAIRES SVR LES COVSTVMES DV PAYS DE NORMANDIE, ANCIENS RESSORS ET ENCLAVES D ICELVY.",DE DONATIONS.,CCCCXLVI.,1
213,justinien,Justinien Ier (0482-0565 ; empereur de Byzance),482,482,565.0,565.0,berault,"COMMENTAIRES SVR LES COVSTVMES DV PAYS DE NORMANDIE, ANCIENS RESSORS ET ENCLAVES D ICELVY.","DE DOVAIRE DE FEMMES, ET VEVFVAGE. des maris.",CCCLXXXII.,1
214,justinien,Justinien Ier (0482-0565 ; empereur de Byzance),482,482,565.0,565.0,berault,"COMMENTAIRES SVR LES COVSTVMES DV PAYS DE NORMANDIE, ANCIENS RESSORS ET ENCLAVES D ICELVY.",DE PRESCRIPTIONS.,V. C. XXI.,1
215,justinien,Justinien Ier (0482-0565 ; empereur de Byzance),482,482,565.0,565.0,berault,"COMMENTAIRES SVR LES COVSTVMES DV PAYS DE NORMANDIE, ANCIENS RESSORS ET ENCLAVES D ICELVY.",DE PRESCRIPTIONS.,V. C. XXXII.,1
216,justinien,Justinien Ier (0482-0565 ; empereur de Byzance),482,482,565.0,565.0,berault,"COMMENTAIRES SVR LES COVSTVMES DV PAYS DE NORMANDIE, ANCIENS RESSORS ET ENCLAVES D ICELVY.",DE SVCCESSION EN PROPRE ET ANCIEN PATRIMOINE TANT EN ligne directe que collaterale.,CCXLIX.,1
217,justinien,Justinien Ier (0482-0565 ; empereur de Byzance),482,482,565.0,565.0,berault,"COMMENTAIRES SVR LES COVSTVMES DV PAYS DE NORMANDIE, ANCIENS RESSORS ET ENCLAVES D ICELVY.",DE SVCCESSION EN PROPRE ET ANCIEN PATRIMOINE TANT EN ligne directe que collaterale.,CCXLV.,1
218,justinien,Justinien Ier (0482-0565 ; empereur de Byzance),482,482,565.0,565.0,berault,"COMMENTAIRES SVR LES COVSTVMES DV PAYS DE NORMANDIE, ANCIENS RESSORS ET ENCLAVES D ICELVY.",DES EXECVTIONS PAR DECRET.,introduction,1
219,justinien,Justinien Ier (0482-0565 ; empereur de Byzance),482,482,565.0,565.0,berault,"COMMENTAIRES SVR LES COVSTVMES DV PAYS DE NORMANDIE, ANCIENS RESSORS ET ENCLAVES D ICELVY.",TITRE DE JURISDICTION.,XLVII.,1
220,justinien,Justinien Ier (0482-0565 ; empereur de Byzance),482,482,565.0,565.0,berault,"COMMENTAIRES SVR LES COVSTVMES DV PAYS DE NORMANDIE, ANCIENS RESSORS ET ENCLAVES D ICELVY.",TITRE DE JURISDICTION.,XXXVIII.,1
221,justinien,Justinien Ier (0482-0565 ; empereur de Byzance),482,482,565.0,565.0,merville,DECISIONS SUR CHAQUE ARTICLE DE LA COUTUME DE NORMANDIE.,TITRE HUITIEME. DU BENEFICE D ’ INVENTAIRE.,ARTICLE LXXXVI.,1
222,justinien,Justinien Ier (0482-0565 ; empereur de Byzance),482,482,565.0,565.0,pesnelle,COUTUME DE NORMANDIE.,CHAPITRE CINQUIEME. DE PATRONAGE D ’ ÉGLISE.,introduction,2
223,justinien,Justinien Ier (0482-0565 ; empereur de Byzance),482,482,565.0,565.0,pesnelle,COUTUME DE NORMANDIE.,CHAPITRE DIX-SEPTIEME. DES DONATIONS.,CCCCXLVIII.,1
224,justinien,Justinien Ier (0482-0565 ; empereur de Byzance),482,482,565.0,565.0,pesnelle,COUTUME DE NORMANDIE.,CHAPITRE DIX-SEPTIEME. DES DONATIONS.,introduction,2
225,justinien,Justinien Ier (0482-0565 ; empereur de Byzance),482,482,565.0,565.0,pesnelle,COUTUME DE NORMANDIE.,CHAPITRE HUITIEME. DE BENEFICE D ’ INVENTAIRE.,XCII.,1
226,justinien,Justinien Ier (0482-0565 ; empereur de Byzance),482,482,565.0,565.0,pesnelle,COUTUME DE NORMANDIE.,CHAPITRE HUITIEME. DE BENEFICE D ’ INVENTAIRE.,XCIII.,2
227,justinien,Justinien Ier (0482-0565 ; empereur de Byzance),482,482,565.0,565.0,pesnelle,COUTUME DE NORMANDIE.,CHAPITRE HUITIEME. DE BENEFICE D ’ INVENTAIRE.,introduction,1
228,justinien,Justinien Ier (0482-0565 ; empereur de Byzance),482,482,565.0,565.0,pesnelle,COUTUME DE NORMANDIE.,CHAPITRE NEUVIEME. DES FIEFS ET DROITS FEODAUX.,CCXII.,1
229,justinien,Justinien Ier (0482-0565 ; empereur de Byzance),482,482,565.0,565.0,pesnelle,COUTUME DE NORMANDIE.,"CHAPITRE ONZIEME. DE SUCCESSION EN PROPRE, ET ANCIEN PATRIMOINE, TANT EN LIGNE DIRECTE QUE COLLATERALE.",CCLXXV.,1
230,justinien,Justinien Ier (0482-0565 ; empereur de Byzance),482,482,565.0,565.0,pesnelle,COUTUME DE NORMANDIE.,"CHAPITRE ONZIEME. DE SUCCESSION EN PROPRE, ET ANCIEN PATRIMOINE, TANT EN LIGNE DIRECTE QUE COLLATERALE.",CCXLIX.,1
231,justinien,Justinien Ier (0482-0565 ; empereur de Byzance),482,482,565.0,565.0,pesnelle,COUTUME DE NORMANDIE.,"CHAPITRE ONZIEME. DE SUCCESSION EN PROPRE, ET ANCIEN PATRIMOINE, TANT EN LIGNE DIRECTE QUE COLLATERALE.",CCXLVII.,1
232,justinien,Justinien Ier (0482-0565 ; empereur de Byzance),482,482,565.0,565.0,pesnelle,COUTUME DE NORMANDIE.,CHAPITRE SEIZIEME. DES TESTAMENS.,CCCCXXI.,1
233,justinien,Justinien Ier (0482-0565 ; empereur de Byzance),482,482,565.0,565.0,pesnelle,COUTUME DE NORMANDIE.,CHAPITRE VINGT-DEUXIEME. DES EXECUTIONS PAR DÉCRET.,DXLVI.,1
234,justinien,Justinien Ier (0482-0565 ; empereur de Byzance),482,482,565.0,565.0,pesnelle,COUTUME DE NORMANDIE.,CHAPITRE VINGT-QUATRIEME. DE SERVITUDES.,DCVII.,2
235,justinien,Justinien Ier (0482-0565 ; empereur de Byzance),482,482,565.0,565.0,pesnelle,COUTUME DE NORMANDIE.,CHAPITRE VINGT-UNIEME. DE BREF DE MARIAGE ENCOMBRÉ.,DXI.,1
236,justinien,Justinien Ier (0482-0565 ; empereur de Byzance),482,482,565.0,565.0,pesnelle,COUTUME DE NORMANDIE.,CHAPITRE VINGT-UNIEME. DE BREF DE MARIAGE ENCOMBRÉ.,DXLIV.,1
237,justinien,Justinien Ier (0482-0565 ; empereur de Byzance),482,482,565.0,565.0,pesnelle,COUTUME DE NORMANDIE.,CHAPITRE VINGT-UNIEME. DE BREF DE MARIAGE ENCOMBRÉ.,DXXXVII.,1
238,justinien,Justinien Ier (0482-0565 ; empereur de Byzance),482,482,565.0,565.0,pesnelle,COUTUME DE NORMANDIE.,CHAPITRE VINGTIEME. DES PRESCRIPTIONS.,DXXI.,1
239,justinien,Justinien Ier (0482-0565 ; empereur de Byzance),482,482,565.0,565.0,pesnelle,COUTUME DE NORMANDIE.,CHAPITRE VINGTIEME. DES PRESCRIPTIONS.,DXXVIII.,2
240,justinien,Justinien Ier (0482-0565 ; empereur de Byzance),482,482,565.0,565.0,pesnelle,COUTUME DE NORMANDIE.,CHAPITRE VINGTIEME. DES PRESCRIPTIONS.,DXXXI.,1
241,justinien,Justinien Ier (0482-0565 ; empereur de Byzance),482,482,565.0,565.0,pesnelle,COUTUME DE NORMANDIE.,Premiere Partie du Douaire.,CCCLXXVII.,1
242,justinien,Justinien Ier (0482-0565 ; empereur de Byzance),482,482,565.0,565.0,pesnelle,COUTUME DE NORMANDIE.,"Septieme Partie, du Douaire des Enfans,",CCCCI.,1
243,justinien,Justinien Ier (0482-0565 ; empereur de Byzance),482,482,565.0,565.0,terrien,"LIVRE HVITIEME, QVI EST, D ’ ACTIONS, QVERELLES, ou clameurs.",De querelle de possession mobil. Chap. 1.,La Coustume aux Chapitres De querelle de possestionet De querelle de dette.,1
244,justinien,Justinien Ier (0482-0565 ; empereur de Byzance),482,482,565.0,565.0,terrien,"LIVRE PREMIER QVI EST, DE LA IVSTICE ET DV droict des Normans.",De Droict et de Iustice. Chap. I.,La Coustume au premier chapitre.,2
245,lampride,Guillaume de Jumièges (10..-1090?),300,399,300.0,399.0,basnage,coutume,TITRE DE JURISDICTION.,IX.,1
246,lampride,Guillaume de Jumièges (10..-1090?),300,399,300.0,399.0,berault,"COMMENTAIRES SVR LES COVSTVMES DV PAYS DE NORMANDIE, ANCIENS RESSORS ET ENCLAVES D ICELVY.",CHAPITRE DE GARDES.,CCXXVIII.,1
247,lampride,Guillaume de Jumièges (10..-1090?),300,399,300.0,399.0,berault,"COMMENTAIRES SVR LES COVSTVMES DV PAYS DE NORMANDIE, ANCIENS RESSORS ET ENCLAVES D ICELVY.",CHAPITRE DES FIEFS ET DROITS FEODAVX.,CLV.,1
248,lampride,Guillaume de Jumièges (10..-1090?),300,399,300.0,399.0,berault,"COMMENTAIRES SVR LES COVSTVMES DV PAYS DE NORMANDIE, ANCIENS RESSORS ET ENCLAVES D ICELVY.",TITRE DE JURISDICTION.,XX.,1
249,lycurgue,Lycurgue (0390?-0324? av. J.-C.),-390,-390,-324.0,-324.0,basnage,coutume,DU DOUAIRE.,CCCLXXIV. Doüaire prefix.,1
250,marculphe,Marcoul (0490?-0558 ; saint),490,490,558.0,558.0,basnage,coutume,DE SUCCESSIONS EN PROPRE,CCLVIII. Cas des reservations des filles à succession.,1
251,marculphe,Marcoul (0490?-0558 ; saint),490,490,558.0,558.0,basnage,coutume,DE SUCCESSIONS EN PROPRE,CCLX. Fille reservée à succession doit rapporter.,1
252,marculphe,Marcoul (0490?-0558 ; saint),490,490,558.0,558.0,basnage,coutume,DE SUCCESSIONS EN PROPRE,CCXLVIII. Aux propres les mâles excluent les femelles.,1
253,marculphe,Marcoul (0490?-0558 ; saint),490,490,558.0,558.0,basnage,coutume,DE SUCCESSIONS EN PROPRE,introduction,3
254,marculphe,Marcoul (0490?-0558 ; saint),490,490,558.0,558.0,basnage,coutume,DES FIEFS ET DROITS FEODAUX,CII. Definition de Franc-Aleu.,2
255,marculphe,Marcoul (0490?-0558 ; saint),490,490,558.0,558.0,basnage,coutume,DES FIEFS ET DROITS FEODAUX,CVII. La forme de l ’ hommage.,1
256,marculphe,Marcoul (0490?-0558 ; saint),490,490,558.0,558.0,basnage,coutume,DES FIEFS ET DROITS FEODAUX,CXL.,2
257,marculphe,Marcoul (0490?-0558 ; saint),490,490,558.0,558.0,basnage,coutume,DES FIEFS ET DROITS FEODAUX,introduction,1
258,marculphe,Marcoul (0490?-0558 ; saint),490,490,558.0,558.0,basnage,coutume,DES SUCCESSIONS COLLATERALES AUX MEUBLES ET ACQUESTS.,CCCXXIX. Quelle part la femme aprés la mort du mary prend aux conquests.,1
259,marculphe,Marcoul (0490?-0558 ; saint),490,490,558.0,558.0,basnage,coutume,DU DOUAIRE.,CCCLXXXIX. Femme n ’ a communauté avec le mary.,1
260,marculphe,Marcoul (0490?-0558 ; saint),490,490,558.0,558.0,basnage,coutume,DU DOUAIRE.,CCCXCI. Meubles de la femme separée de biens à qui appartienent.,1
261,marculphe,Marcoul (0490?-0558 ; saint),490,490,558.0,558.0,basnage,coutume,DU DOUAIRE.,introduction,2
262,marculphe,Marcoul (0490?-0558 ; saint),490,490,558.0,558.0,basnage,coutume,TITRE DE JURISDICTION.,XIII.,3
263,marculphe,Marcoul (0490?-0558 ; saint),490,490,558.0,558.0,basnage,coutume,TITRE DE JURISDICTION.,introduction,2
264,marculphe,Marcoul (0490?-0558 ; saint),490,490,558.0,558.0,pesnelle,COUTUME DE NORMANDIE.,CHAPITRE DIX-SEPTIEME. DES DONATIONS.,CCCCXLVI.,1
265,marculphe,Marcoul (0490?-0558 ; saint),490,490,558.0,558.0,pesnelle,COUTUME DE NORMANDIE.,CHAPITRE DIX-SEPTIEME. DES DONATIONS.,CCCCXXXI.,1
266,marculphe,Marcoul (0490?-0558 ; saint),490,490,558.0,558.0,pesnelle,COUTUME DE NORMANDIE.,CHAPITRE NEUVIEME. DES FIEFS ET DROITS FEODAUX.,CVII.,1
267,marculphe,Marcoul (0490?-0558 ; saint),490,490,558.0,558.0,pesnelle,COUTUME DE NORMANDIE.,"CHAPITRE ONZIEME. DE SUCCESSION EN PROPRE, ET ANCIEN PATRIMOINE, TANT EN LIGNE DIRECTE QUE COLLATERALE.",CCLIX.,2
268,marculphe,Marcoul (0490?-0558 ; saint),490,490,558.0,558.0,pesnelle,COUTUME DE NORMANDIE.,"CHAPITRE ONZIEME. DE SUCCESSION EN PROPRE, ET ANCIEN PATRIMOINE, TANT EN LIGNE DIRECTE QUE COLLATERALE.",CCXLVII.,1
269,marculphe,Marcoul (0490?-0558 ; saint),490,490,558.0,558.0,pesnelle,COUTUME DE NORMANDIE.,"CHAPITRE ONZIEME. DE SUCCESSION EN PROPRE, ET ANCIEN PATRIMOINE, TANT EN LIGNE DIRECTE QUE COLLATERALE.",CCXXXIX.,1
270,marculphe,Marcoul (0490?-0558 ; saint),490,490,558.0,558.0,pesnelle,COUTUME DE NORMANDIE.,CHAPITRE PREMIER. DE JURISDICTION.,XVI.,1
271,marculphe,Marcoul (0490?-0558 ; saint),490,490,558.0,558.0,pesnelle,COUTUME DE NORMANDIE.,CHAPITRE PREMIER. DE JURISDICTION.,introduction,1
272,marculphe,Marcoul (0490?-0558 ; saint),490,490,558.0,558.0,pesnelle,COUTUME DE NORMANDIE.,Premiere Partie du Douaire.,CCCLXX.,2
273,marculphe,Marcoul (0490?-0558 ; saint),490,490,558.0,558.0,pesnelle,COUTUME DE NORMANDIE.,Premiere Partie du Douaire.,introduction,1
274,martial,Martial (0040?-0104?),40,40,104.0,104.0,basnage,coutume,DE SUCCESSIONS EN PROPRE,CCXXXV. Temps et acte de l ’ adition d ’ heredité.,1
275,martial,Martial (0040?-0104?),40,40,104.0,104.0,basnage,coutume,DES FIEFS ET DROITS FEODAUX,CXLIX.,1
276,martial,Martial (0040?-0104?),40,40,104.0,104.0,terrien,"LIVRE DOVZIEME, QVI EST, DES CRIMES ET PROcez criminels.",Des chasses. Chap. XLV.,Ledit François 1533.,1
277,modestin,"Modestinus, Herennius",200,299,200.0,299.0,basnage,coutume,DE SUCCESSIONS EN PROPRE,CCXXXV. Temps et acte de l ’ adition d ’ heredité.,1
278,modestin,"Modestinus, Herennius",200,299,200.0,299.0,basnage,coutume,DE SUCCESSIONS EN PROPRE,introduction,1
279,modestin,"Modestinus, Herennius",200,299,200.0,299.0,basnage,coutume,DES FIEFS ET DROITS FEODAUX,CXL.,1
280,modestin,"Modestinus, Herennius",200,299,200.0,299.0,basnage,coutume,DES FIEFS ET DROITS FEODAUX,CXLIII. Droit de confiscation à qui appartient et en quel cas écheoit.,1
281,modestin,"Modestinus, Herennius",200,299,200.0,299.0,basnage,coutume,DES TESTAMENS.,CCCCXIV. Quelles personnes peuvent tester de meuble et comment.,1
282,modestin,"Modestinus, Herennius",200,299,200.0,299.0,basnage,coutume,DES TESTAMENS.,"CCCCXXII. Disposition par testament du tiers des acquests comment permise, à qui, et au profit de qui.",3
283,paulus,"Paulus, Julius (01..-02..)",100,199,200.0,299.0,basnage,coutume,DE PRESCRIPTIONS.,"CCCCCXXIII. Faculté de toutefois et quantes, comment se prescrit.",5
284,paulus,"Paulus, Julius (01..-02..)",100,199,200.0,299.0,basnage,coutume,"DE SUCCESSION EN PROPRE AU BAILLIAGE DE CAUX, ET AUTRES LIEUX TENANS NATURE D ’ ICELUY.","CCXCVI. Dans quel temps, et par quel prix l ’ aîné peut retirer le tiers des puisnez.",1
285,paulus,"Paulus, Julius (01..-02..)",100,199,200.0,299.0,basnage,coutume,DE VARECH.,introduction,1
286,paulus,"Paulus, Julius (01..-02..)",100,199,200.0,299.0,basnage,coutume,DES TESTAMENS.,CCCCXII. Forme et solennité de Testament.,1
287,paulus,"Paulus, Julius (01..-02..)",100,199,200.0,299.0,basnage,coutume,DES TESTAMENS.,CCCCXIV. Quelles personnes peuvent tester de meuble et comment.,1
288,paulus,"Paulus, Julius (01..-02..)",100,199,200.0,299.0,basnage,coutume,DES TESTAMENS.,"CCCCXXII. Disposition par testament du tiers des acquests comment permise, à qui, et au profit de qui.",1
289,paulus,"Paulus, Julius (01..-02..)",100,199,200.0,299.0,basnage,coutume,DU DOUAIRE.,CCCLXIX. Femme quand a doüaire sur les biens du pere et ayeul de son mary.,5
290,paulus,"Paulus, Julius (01..-02..)",100,199,200.0,299.0,basnage,coutume,DU DOUAIRE.,CCCLXXVI. Privation de doüaire.,1
291,paulus,"Paulus, Julius (01..-02..)",100,199,200.0,299.0,basnage,coutume,DU DOUAIRE.,CCCXCIV. Renonciation de la femme à la succession du mary.,1
292,paulus,"Paulus, Julius (01..-02..)",100,199,200.0,299.0,basnage,coutume,TITRE DES EXECUTIONS. PAR DECRET,CCCCCXCII.,1
293,paulus,"Paulus, Julius (01..-02..)",100,199,200.0,299.0,pesnelle,COUTUME DE NORMANDIE.,CHAPITRE VINGTIEME. DES PRESCRIPTIONS.,DXXVII.,1
294,paulus,"Paulus, Julius (01..-02..)",100,199,200.0,299.0,terrien,"LIVRE DIXIEME, QVI, EST, DES IVGEMENS ET SENtences, et de l ’ execution tant d ’ icelles sentences, que de lettres obligatoires.",Des Commmissaires ce Seques triers establis au regime d ’ heritages. Chap. XI.,François premier 1530.,1
295,paulus,"Paulus, Julius (01..-02..)",100,199,200.0,299.0,terrien,"LIVRE DIXIEME, QVI, EST, DES IVGEMENS ET SENtences, et de l ’ execution tant d ’ icelles sentences, que de lettres obligatoires.","Des criees, et decrets d ’ héritage, encheres, cs estats desdits decrets. Chap. X.",Au Style.,1
296,paulus,"Paulus, Julius (01..-02..)",100,199,200.0,299.0,terrien,"LIVRE DOVZIEME, QVI EST, DES CRIMES ET PROcez criminels.","Comment on doit proceder contre les absens, es fuitifs. Chap. XXXIII.",François 1530.,1
297,paulus,"Paulus, Julius (01..-02..)",100,199,200.0,299.0,terrien,"LIVRE DOVZIEME, QVI EST, DES CRIMES ET PROcez criminels.","D ’ inquisition d ’ office de Iustice, ce du deuoir des Iuges. Chap. XXXI.",Au chapitre De Justicier.,3
298,paulus,"Paulus, Julius (01..-02..)",100,199,200.0,299.0,terrien,"LIVRE PREMIER QVI EST, DE LA IVSTICE ET DV droict des Normans.",De Droict et de Iustice. Chap. I.,La Coustume au premier chapitre.,1
299,paulus,"Paulus, Julius (01..-02..)",100,199,200.0,299.0,terrien,"LIVRE SECOND. QVI EST, DV DROICT ET Estat des personnes.","Des Euesques, Abbez, et autres personnes Ecclesiastiques, et Religieuses. Chap. VIII.",La cour de Parlement sur cest article.,1
300,paulus,"Paulus, Julius (01..-02..)",100,199,200.0,299.0,terrien,"LIVRE SECOND. QVI EST, DV DROICT ET Estat des personnes.",Des curateurs des prodigues et insensez Chap. VI.,synthese,1
301,paulus,"Paulus, Julius (01..-02..)",100,199,200.0,299.0,terrien,"LIVRE SEPTIEME, QVI EST, D ’ OBLIGATIONS et contracts.","De dettes, et de detteurs. Chap. III.","La Coustume au chapitre De querelle de dette, au chap. De pleges, et au chap. De derteurs.",1
302,pausanias,Pausanias (01..-01..),100,199,100.0,199.0,basnage,coutume,TITRE DE JURISDICTION.,III.,1
303,pausanias,Pausanias (01..-01..),100,199,100.0,199.0,terrien,"LIVRE QVATORZIEME QVI EST, DES EAVX, ET FORESTS.",De pasnage ou glandee Chap. 2.,Arrest des Iuges de la reformation des forests de Normandie donné sur le faict de la glandee des forests de Conches et Bretueil. 1534.,1
304,platon,Platon (0427?-0348? av. J.-C.),-427,-427,-348.0,-348.0,basnage,coutume,DE SUCCESSIONS EN PROPRE,CCXLI. Succession directe ne remonte tant qu ’ il y a décendans.,1
305,platon,Platon (0427?-0348? av. J.-C.),-427,-427,-348.0,-348.0,basnage,coutume,DES FIEFS ET DROITS FEODAUX,CCX. Nouvelle construction de pescherie et moulin.,1
306,platon,Platon (0427?-0348? av. J.-C.),-427,-427,-348.0,-348.0,basnage,coutume,DES TESTAMENS.,introduction,1
307,platon,Platon (0427?-0348? av. J.-C.),-427,-427,-348.0,-348.0,basnage,coutume,DU DOUAIRE.,CCCCVIII. Remplacement du propre quand est reputé conquests.,1
308,platon,Platon (0427?-0348? av. J.-C.),-427,-427,-348.0,-348.0,basnage,coutume,DU DOUAIRE.,CCCLXIX. Femme quand a doüaire sur les biens du pere et ayeul de son mary.,6
309,platon,Platon (0427?-0348? av. J.-C.),-427,-427,-348.0,-348.0,berault,"COMMENTAIRES SVR LES COVSTVMES DV PAYS DE NORMANDIE, ANCIENS RESSORS ET ENCLAVES D ICELVY.",CHAPITRE DE GARDES.,CCXXVII.,1
310,platon,Platon (0427?-0348? av. J.-C.),-427,-427,-348.0,-348.0,berault,"COMMENTAIRES SVR LES COVSTVMES DV PAYS DE NORMANDIE, ANCIENS RESSORS ET ENCLAVES D ICELVY.",CHAPITRE DES FIEFS ET DROITS FEODAVX.,CCIX.,1
311,platon,Platon (0427?-0348? av. J.-C.),-427,-427,-348.0,-348.0,berault,"COMMENTAIRES SVR LES COVSTVMES DV PAYS DE NORMANDIE, ANCIENS RESSORS ET ENCLAVES D ICELVY.",CHAPITRE DES FIEFS ET DROITS FEODAVX.,CLXX.,1
312,platon,Platon (0427?-0348? av. J.-C.),-427,-427,-348.0,-348.0,berault,"COMMENTAIRES SVR LES COVSTVMES DV PAYS DE NORMANDIE, ANCIENS RESSORS ET ENCLAVES D ICELVY.",DE SVCCESSION EN PROPRE ET ANCIEN PATRIMOINE TANT EN ligne directe que collaterale.,CCXXXVII.,1
313,platon,Platon (0427?-0348? av. J.-C.),-427,-427,-348.0,-348.0,berault,"COMMENTAIRES SVR LES COVSTVMES DV PAYS DE NORMANDIE, ANCIENS RESSORS ET ENCLAVES D ICELVY.",DE TESTAMENS.,CCCCXII.,1
314,platon,Platon (0427?-0348? av. J.-C.),-427,-427,-348.0,-348.0,berault,"COMMENTAIRES SVR LES COVSTVMES DV PAYS DE NORMANDIE, ANCIENS RESSORS ET ENCLAVES D ICELVY.",DE TESTAMENS.,CCCCXXII.,1
315,platon,Platon (0427?-0348? av. J.-C.),-427,-427,-348.0,-348.0,berault,"COMMENTAIRES SVR LES COVSTVMES DV PAYS DE NORMANDIE, ANCIENS RESSORS ET ENCLAVES D ICELVY.",TITRE DE JURISDICTION.,XXXII.,1
316,platon,Platon (0427?-0348? av. J.-C.),-427,-427,-348.0,-348.0,berault,"COMMENTAIRES SVR LES COVSTVMES DV PAYS DE NORMANDIE, ANCIENS RESSORS ET ENCLAVES D ICELVY.",TITRE DE JURISDICTION.,XXXVIII.,1
317,platon,Platon (0427?-0348? av. J.-C.),-427,-427,-348.0,-348.0,berault,"COMMENTAIRES SVR LES COVSTVMES DV PAYS DE NORMANDIE, ANCIENS RESSORS ET ENCLAVES D ICELVY.",TITRE DE JURISDICTION.,introduction,1
318,platon,Platon (0427?-0348? av. J.-C.),-427,-427,-348.0,-348.0,terrien,"LIVRE QVATRIEME. QVI EST DES DROICTS ET DEMAIne du Roy, et de la chose publique.",Des Festins et Banquets. Chap. XXIII.,"Ledit Charles ix, audit an 1563.",1
319,platon,Platon (0427?-0348? av. J.-C.),-427,-427,-348.0,-348.0,terrien,"LIVRE QVATRIEME. QVI EST DES DROICTS ET DEMAIne du Roy, et de la chose publique.",Des pauures et mandiens valides. Chap. XXVII.,Henry 1556.,1
320,platon,Platon (0427?-0348? av. J.-C.),-427,-427,-348.0,-348.0,terrien,LIVRE TROISIESME QVI EST DES MAGISTRATS ET officiers ordinaires de la Iustice.,Des Officiers en general. Chap. III.,Charles vij.,1
321,plaute,Plaute (0254-0184 av. J.-C.),-254,-254,-184.0,-184.0,basnage,coutume,DE BREF DE MARIAGE ENCOMBRÉ.,introduction,1
322,plaute,Plaute (0254-0184 av. J.-C.),-254,-254,-184.0,-184.0,basnage,coutume,DE SUCCESSIONS EN PROPRE,CCXXXV. Temps et acte de l ’ adition d ’ heredité.,1
323,plaute,Plaute (0254-0184 av. J.-C.),-254,-254,-184.0,-184.0,basnage,coutume,DES FIEFS ET DROITS FEODAUX,CCX. Nouvelle construction de pescherie et moulin.,1
324,plaute,Plaute (0254-0184 av. J.-C.),-254,-254,-184.0,-184.0,basnage,coutume,DU DOUAIRE.,CCCLXIX. Femme quand a doüaire sur les biens du pere et ayeul de son mary.,1
325,plaute,Plaute (0254-0184 av. J.-C.),-254,-254,-184.0,-184.0,basnage,coutume,DU DOUAIRE.,CCCLXXIV. Doüaire prefix.,2
326,plaute,Plaute (0254-0184 av. J.-C.),-254,-254,-184.0,-184.0,berault,"COMMENTAIRES SVR LES COVSTVMES DV PAYS DE NORMANDIE, ANCIENS RESSORS ET ENCLAVES D ICELVY.","DE DOVAIRE DE FEMMES, ET VEVFVAGE. des maris.",CCCXXCI.,1
327,plaute,Plaute (0254-0184 av. J.-C.),-254,-254,-184.0,-184.0,berault,"COMMENTAIRES SVR LES COVSTVMES DV PAYS DE NORMANDIE, ANCIENS RESSORS ET ENCLAVES D ICELVY.",DE HARO.,introduction,1
328,plaute,Plaute (0254-0184 av. J.-C.),-254,-254,-184.0,-184.0,terrien,"LIVRE DOVZIEME, QVI EST, DES CRIMES ET PROcez criminels.",De rapt. Chap. XIIII.,introduction,1
329,pline,Pline le Jeune (0061?-0114?),61,61,114.0,114.0,basnage,coutume,DES FIEFS ET DROITS FEODAUX,CCX. Nouvelle construction de pescherie et moulin.,1
330,pline,Pline le Jeune (0061?-0114?),61,61,114.0,114.0,basnage,coutume,DES FIEFS ET DROITS FEODAUX,CXLIII. Droit de confiscation à qui appartient et en quel cas écheoit.,2
331,pline,Pline le Jeune (0061?-0114?),61,61,114.0,114.0,basnage,coutume,DU DOUAIRE.,CCCLXXV. Charge du doüaire.,1
332,pline,Pline le Jeune (0061?-0114?),61,61,114.0,114.0,basnage,coutume,DU DOUAIRE.,CCCLXXXVII.,1
333,pline,Pline le Jeune (0061?-0114?),61,61,114.0,114.0,basnage,coutume,TITRE DE JURISDICTION.,introduction,1
334,pline,Pline le Jeune (0061?-0114?),61,61,114.0,114.0,berault,"COMMENTAIRES SVR LES COVSTVMES DV PAYS DE NORMANDIE, ANCIENS RESSORS ET ENCLAVES D ICELVY.",DE BANON ET DEFENS.,LXXXIIII.,1
335,pline,Pline le Jeune (0061?-0114?),61,61,114.0,114.0,berault,"COMMENTAIRES SVR LES COVSTVMES DV PAYS DE NORMANDIE, ANCIENS RESSORS ET ENCLAVES D ICELVY.","DE DOVAIRE DE FEMMES, ET VEVFVAGE. des maris.",CCCLXXXII.,3
336,pline,Pline le Jeune (0061?-0114?),61,61,114.0,114.0,berault,"COMMENTAIRES SVR LES COVSTVMES DV PAYS DE NORMANDIE, ANCIENS RESSORS ET ENCLAVES D ICELVY.",DE SVCCESSION EN PROPRE ET ANCIEN PATRIMOINE TANT EN ligne directe que collaterale.,CCXXXV.,1
337,pline,Pline le Jeune (0061?-0114?),61,61,114.0,114.0,berault,"COMMENTAIRES SVR LES COVSTVMES DV PAYS DE NORMANDIE, ANCIENS RESSORS ET ENCLAVES D ICELVY.",DE VARECH.,introduction,1
338,pline,Pline le Jeune (0061?-0114?),61,61,114.0,114.0,terrien,"LIVRE CINQVIEME, QVI EST, DE LA DIFFERENCE DES biens, de teneures et droicts seigneuriaux.","De Varech, et choses gayues. : Chap. XI.",La Coustume.,1
339,pline,Pline le Jeune (0061?-0114?),61,61,114.0,114.0,terrien,"LIVRE DIXIEME, QVI, EST, DES IVGEMENS ET SENtences, et de l ’ execution tant d ’ icelles sentences, que de lettres obligatoires.",Des fentences et forme de iuger. Chap. I.,Ladite Coustume.,1
340,pline,Pline le Jeune (0061?-0114?),61,61,114.0,114.0,terrien,"LIVRE DOVZIEME, QVI EST, DES CRIMES ET PROcez criminels.",Des chasses. Chap. XLV.,Ledit François 1533.,3
341,pline,Pline le Jeune (0061?-0114?),61,61,114.0,114.0,terrien,"LIVRE PREMIER QVI EST, DE LA IVSTICE ET DV droict des Normans.",De Droict et de Iustice. Chap. I.,La Coustume au premier chapitre.,2
342,pline,Pline le Jeune (0061?-0114?),61,61,114.0,114.0,terrien,"LIVRE QVATORZIEME QVI EST, DES EAVX, ET FORESTS.",De pasnage ou glandee Chap. 2.,Arrest des Iuges de la reformation des forests de Normandie donné sur le faict de la glandee des forests de Conches et Bretueil. 1534.,2
343,pline,Pline le Jeune (0061?-0114?),61,61,114.0,114.0,terrien,"LIVRE QVATORZIEME QVI EST, DES EAVX, ET FORESTS.","Des tuentes de bois qui se font és forests du Roy, é des marchans dicelles, Chap. VIII.",Ledit François 1516.,1
344,pline,Pline le Jeune (0061?-0114?),61,61,114.0,114.0,terrien,"LIVRE QVATRIEME. QVI EST DES DROICTS ET DEMAIne du Roy, et de la chose publique.","De Banon, et Deffens. Chap. XII.",La Coustume.,3
345,plutarque,Plutarque (0046?-0120?),46,46,120.0,120.0,basnage,coutume,DE SERVITUDES.,DCVIII.,1
346,plutarque,Plutarque (0046?-0120?),46,46,120.0,120.0,basnage,coutume,DE SUCCESSIONS EN PROPRE,CCXXXV. Temps et acte de l ’ adition d ’ heredité.,1
347,plutarque,Plutarque (0046?-0120?),46,46,120.0,120.0,basnage,coutume,DU DOUAIRE.,CCCLXXXVII.,1
348,plutarque,Plutarque (0046?-0120?),46,46,120.0,120.0,berault,"COMMENTAIRES SVR LES COVSTVMES DV PAYS DE NORMANDIE, ANCIENS RESSORS ET ENCLAVES D ICELVY.",CHAPITRE DES FIEFS ET DROITS FEODAVX.,CVII.,1
349,plutarque,Plutarque (0046?-0120?),46,46,120.0,120.0,berault,"COMMENTAIRES SVR LES COVSTVMES DV PAYS DE NORMANDIE, ANCIENS RESSORS ET ENCLAVES D ICELVY.",CHAPITRE DES FIEFS ET DROITS FEODAVX.,CXXIIII.,2
350,plutarque,Plutarque (0046?-0120?),46,46,120.0,120.0,berault,"COMMENTAIRES SVR LES COVSTVMES DV PAYS DE NORMANDIE, ANCIENS RESSORS ET ENCLAVES D ICELVY.",CHAPITRE DES FIEFS ET DROITS FEODAVX.,CXXVI.,1
351,plutarque,Plutarque (0046?-0120?),46,46,120.0,120.0,berault,"COMMENTAIRES SVR LES COVSTVMES DV PAYS DE NORMANDIE, ANCIENS RESSORS ET ENCLAVES D ICELVY.",DE BANON ET DEFENS.,LXXXII.,1
352,plutarque,Plutarque (0046?-0120?),46,46,120.0,120.0,berault,"COMMENTAIRES SVR LES COVSTVMES DV PAYS DE NORMANDIE, ANCIENS RESSORS ET ENCLAVES D ICELVY.",DE DONATIONS.,CCCCXXXIIII.,1
353,plutarque,Plutarque (0046?-0120?),46,46,120.0,120.0,berault,"COMMENTAIRES SVR LES COVSTVMES DV PAYS DE NORMANDIE, ANCIENS RESSORS ET ENCLAVES D ICELVY.","DE DOVAIRE DE FEMMES, ET VEVFVAGE. des maris.",CCCLXXVII.,1
354,plutarque,Plutarque (0046?-0120?),46,46,120.0,120.0,berault,"COMMENTAIRES SVR LES COVSTVMES DV PAYS DE NORMANDIE, ANCIENS RESSORS ET ENCLAVES D ICELVY.",DE SERVITVDES.,VI. C. VIII.,1
355,plutarque,Plutarque (0046?-0120?),46,46,120.0,120.0,berault,"COMMENTAIRES SVR LES COVSTVMES DV PAYS DE NORMANDIE, ANCIENS RESSORS ET ENCLAVES D ICELVY.",DE SVCCESSION EN PROPRE ET ANCIEN PATRIMOINE TANT EN ligne directe que collaterale.,CCL.,1
356,plutarque,Plutarque (0046?-0120?),46,46,120.0,120.0,berault,"COMMENTAIRES SVR LES COVSTVMES DV PAYS DE NORMANDIE, ANCIENS RESSORS ET ENCLAVES D ICELVY.",DE TESTAMENS.,CCCCXII.,1
357,plutarque,Plutarque (0046?-0120?),46,46,120.0,120.0,berault,"COMMENTAIRES SVR LES COVSTVMES DV PAYS DE NORMANDIE, ANCIENS RESSORS ET ENCLAVES D ICELVY.",TITRE DE JURISDICTION.,XII.,1
358,plutarque,Plutarque (0046?-0120?),46,46,120.0,120.0,berault,"COMMENTAIRES SVR LES COVSTVMES DV PAYS DE NORMANDIE, ANCIENS RESSORS ET ENCLAVES D ICELVY.",TITRE DE JURISDICTION.,XX.,1
359,plutarque,Plutarque (0046?-0120?),46,46,120.0,120.0,berault,"COMMENTAIRES SVR LES COVSTVMES DV PAYS DE NORMANDIE, ANCIENS RESSORS ET ENCLAVES D ICELVY.",TITRE DE JURISDICTION.,XXXVIII.,2
360,plutarque,Plutarque (0046?-0120?),46,46,120.0,120.0,pesnelle,COUTUME DE NORMANDIE.,Premiere Partie du Douaire.,introduction,1
361,plutarque,Plutarque (0046?-0120?),46,46,120.0,120.0,terrien,"LIVRE DOVZIEME, QVI EST, DES CRIMES ET PROcez criminels.",Des chasses. Chap. XLV.,Ledit François 1533.,2
362,plutarque,Plutarque (0046?-0120?),46,46,120.0,120.0,terrien,"LIVRE DOVZIEME, QVI EST, DES CRIMES ET PROcez criminels.","Des plaintes et accusations, cs de clameur de Haro en cas de crime. Chap. XVIII.",Au chapitre De suite d ’ assaut.,1
363,plutarque,Plutarque (0046?-0120?),46,46,120.0,120.0,terrien,"LIVRE NEVFIEME, QVI EST, DE L ’ ORDRE ET STYLE de proceder és Cours inferieures. Et premièrement és matieres ciuiles, et en première instance.","De preuue qui se fait par enqueste, veuë cs ostension de lieux, Chap. XXXIII.",Ladite Coustume.,1
364,plutarque,Plutarque (0046?-0120?),46,46,120.0,120.0,terrien,"LIVRE ONZIEME, QVI EST, D ’ APPELLATIONS ET DOleances en matieres ciuiles, à sortir deuant les Iuges suiets à la Cour.",Aucun titre.,François premier 1540.,1
365,plutarque,Plutarque (0046?-0120?),46,46,120.0,120.0,terrien,"LIVRE PREMIER QVI EST, DE LA IVSTICE ET DV droict des Normans.",De Droict et de Iustice. Chap. I.,La Coustume au chapitre De Justice.,1
366,plutarque,Plutarque (0046?-0120?),46,46,120.0,120.0,terrien,"LIVRE PREMIER QVI EST, DE LA IVSTICE ET DV droict des Normans.",De Droict et de Iustice. Chap. I.,La Coustume au premier chapitre.,1
367,plutarque,Plutarque (0046?-0120?),46,46,120.0,120.0,terrien,"LIVRE QVATRIEME. QVI EST DES DROICTS ET DEMAIne du Roy, et de la chose publique.","De n ’ acheter blez ailleurs qu ’ aux marchez publiques, et des traites desdits blez, Chap. XVI.",François 1531. et 1534.,1
368,pompeius,Pompée (0075-0035 av. J.-C.),-75,-75,-35.0,-35.0,basnage,coutume,DE SERVITUDES.,DCVIII.,1
369,quintilien,Quintilien (0030?-0100?),30,30,100.0,100.0,basnage,coutume,DU DOUAIRE.,CCCLXIX. Femme quand a doüaire sur les biens du pere et ayeul de son mary.,1
370,quintilien,Quintilien (0030?-0100?),30,30,100.0,100.0,basnage,coutume,DU DOUAIRE.,CCCLXXXVIII. Contre-lettres et preuves outre le traité.,1
371,quintilien,Quintilien (0030?-0100?),30,30,100.0,100.0,basnage,coutume,TITRE DE JURISDICTION.,introduction,1
372,quintilien,Quintilien (0030?-0100?),30,30,100.0,100.0,berault,"COMMENTAIRES SVR LES COVSTVMES DV PAYS DE NORMANDIE, ANCIENS RESSORS ET ENCLAVES D ICELVY.",TITRE DE JURISDICTION.,XXIII.,1
373,quintilien,Quintilien (0030?-0100?),30,30,100.0,100.0,terrien,"LIVRE PREMIER QVI EST, DE LA IVSTICE ET DV droict des Normans.",De Droict et de Iustice. Chap. I.,La Coustume au premier chapitre.,1
374,saluste,Salluste (0086-0035 av. J.-C.),-86,-86,-35.0,-35.0,basnage,coutume,DE SUCCESSIONS EN PROPRE,"CCXXXVII. L ’ aîné est tuteur naturel et legitime des puisnez, et comment joüit de la succession.",1
375,saluste,Salluste (0086-0035 av. J.-C.),-86,-86,-35.0,-35.0,basnage,coutume,DES FIEFS ET DROITS FEODAUX,CXLII. Que peut demander celuy qui a fait don de son bien à l ’ Eglise.,2
376,saluste,Salluste (0086-0035 av. J.-C.),-86,-86,-35.0,-35.0,berault,"COMMENTAIRES SVR LES COVSTVMES DV PAYS DE NORMANDIE, ANCIENS RESSORS ET ENCLAVES D ICELVY.",TITRE DE JURISDICTION.,XXXVIII.,1
377,salvian,Salvien (0390?-0484?),390,390,484.0,484.0,basnage,coutume,DES DONATIONS.,"CCCCXXXI. Quelles personnes peuvent donner entre vifs, quoy, et à qui.",1
378,salvian,Salvien (0390?-0484?),390,390,484.0,484.0,basnage,coutume,TITRE DE JURISDICTION.,III.,1
379,salvian,Salvien (0390?-0484?),390,390,484.0,484.0,basnage,coutume,TITRE DE JURISDICTION.,XXXI.,1
380,scipion,Scipion l'Africain (0235-0183 av. J.-C.),-235,-235,-183.0,-183.0,basnage,coutume,DES FIEFS ET DROITS FEODAUX,CXLIV. Confiscation pour crime de leze-Majeste.,1
381,scipion,Scipion l'Africain (0235-0183 av. J.-C.),-235,-235,-183.0,-183.0,basnage,coutume,DU DOUAIRE.,CCCLXIX. Femme quand a doüaire sur les biens du pere et ayeul de son mary.,1
382,scipion,Scipion l'Africain (0235-0183 av. J.-C.),-235,-235,-183.0,-183.0,basnage,coutume,TITRE DE JURISDICTION.,XII.,1
383,scipion,Scipion l'Africain (0235-0183 av. J.-C.),-235,-235,-183.0,-183.0,basnage,coutume,TITRE DE JURISDICTION.,introduction,1
384,seneca,Sénèque (0004 av. J.-C.-0065),-4,-4,65.0,65.0,basnage,coutume,DE HARO.,introduction,1
385,seneca,Sénèque (0004 av. J.-C.-0065),-4,-4,65.0,65.0,basnage,coutume,DE SUCCESSIONS EN PROPRE,CCXLV. Distinction du paternel avec le maternel.,1
386,seneca,Sénèque (0004 av. J.-C.-0065),-4,-4,65.0,65.0,basnage,coutume,DES FIEFS ET DROITS FEODAUX,CCX. Nouvelle construction de pescherie et moulin.,1
387,seneca,Sénèque (0004 av. J.-C.-0065),-4,-4,65.0,65.0,basnage,coutume,DES FIEFS ET DROITS FEODAUX,CXLIX.,1
388,seneca,Sénèque (0004 av. J.-C.-0065),-4,-4,65.0,65.0,basnage,coutume,DES SUCCESSIONS COLLATERALES AUX MEUBLES ET ACQUESTS.,"CCCXXV. L ’ ordre de succeder entre pere et mere, ayeul et ayeule à leurs décendans.",1
389,seneca,Sénèque (0004 av. J.-C.-0065),-4,-4,65.0,65.0,basnage,coutume,DU DOUAIRE.,CCCLXXVII.,1
390,seneca,Sénèque (0004 av. J.-C.-0065),-4,-4,65.0,65.0,basnage,coutume,"QUELLES CHOSES SONT CENSÉES MEUBLES, QUELLES CHOSES IMMEUBLES.",CCCCCXX. Poisson comment meuble ou immeuble.,1
391,seneca,Sénèque (0004 av. J.-C.-0065),-4,-4,65.0,65.0,berault,"COMMENTAIRES SVR LES COVSTVMES DV PAYS DE NORMANDIE, ANCIENS RESSORS ET ENCLAVES D ICELVY.",CHAPITRE DES FIEFS ET DROITS FEODAVX.,CXLIX.,1
392,seneca,Sénèque (0004 av. J.-C.-0065),-4,-4,65.0,65.0,berault,"COMMENTAIRES SVR LES COVSTVMES DV PAYS DE NORMANDIE, ANCIENS RESSORS ET ENCLAVES D ICELVY.",TITRE DE JURISDICTION.,XLIX.,1
393,seneca,Sénèque (0004 av. J.-C.-0065),-4,-4,65.0,65.0,merville,DECISIONS SUR CHAQUE ARTICLE DE LA COUTUME DE NORMANDIE.,"TITRE XI. DE SUCCESSION EN PROPRE & ancien Patrimoine, tant en ligne directe que collaterale.",ARTICLE CCLXXV.,1
394,seneca,Sénèque (0004 av. J.-C.-0065),-4,-4,65.0,65.0,merville,DECISIONS SUR CHAQUE ARTICLE DE LA COUTUME DE NORMANDIE.,TITRE XIV. DE PARTAGE D ’ HERITAGE.,ARTICLE CCCLII.,1
395,seneca,Sénèque (0004 av. J.-C.-0065),-4,-4,65.0,65.0,pesnelle,COUTUME DE NORMANDIE.,CHAPITRE VINGTIEME. DES PRESCRIPTIONS.,DXXX.,1
396,seneca,Sénèque (0004 av. J.-C.-0065),-4,-4,65.0,65.0,terrien,"LIVRE DOVZIEME, QVI EST, DES CRIMES ET PROcez criminels.","De forfaiture de confiscation et biens, Chap. XL.",Charles ix tenant les Estats à Orléans 1560.,1
397,severe,Sévère Alexandre (0208-0235),208,208,235.0,235.0,berault,"COMMENTAIRES SVR LES COVSTVMES DV PAYS DE NORMANDIE, ANCIENS RESSORS ET ENCLAVES D ICELVY.",CHAPITRE DES FIEFS ET DROITS FEODAVX.,CLV.,2
398,severe,Sévère Alexandre (0208-0235),208,208,235.0,235.0,berault,"COMMENTAIRES SVR LES COVSTVMES DV PAYS DE NORMANDIE, ANCIENS RESSORS ET ENCLAVES D ICELVY.",TITRE DE JURISDICTION.,XX.,1
399,severe,Sévère Alexandre (0208-0235),208,208,235.0,235.0,terrien,"LIVRE PREMIER QVI EST, DE LA IVSTICE ET DV droict des Normans.",De Droict et de Iustice. Chap. I.,La Coustume au premier chapitre.,1
400,severe,Sévère Alexandre (0208-0235),208,208,235.0,235.0,terrien,LIVRE TROISIESME QVI EST DES MAGISTRATS ET officiers ordinaires de la Iustice.,"De la Iurisdiction, et office des Iuges ordinaires. Chap. IIII.",Charles vii. char. viii. et Loys xii publ. en l ’ an 1507.,1
401,siculus,Siculus Flaccus (01..-.... ; agriculteur),100,199,100.0,199.0,basnage,coutume,DE SERVITUDES.,DCXXII.,2
402,silius,"Silius Italicus, Tiberius Catius (0025?-0101)",25,25,101.0,101.0,basnage,coutume,DU DOUAIRE.,CCCXCI. Meubles de la femme separée de biens à qui appartienent.,1
403,solon,Solon (0640?-0561 av. J.-C.),-640,-640,-561.0,-561.0,basnage,coutume,DE SERVITUDES.,DCVIII.,1
404,solon,Solon (0640?-0561 av. J.-C.),-640,-640,-561.0,-561.0,basnage,coutume,DE SUCCESSIONS EN PROPRE,introduction,2
405,solon,Solon (0640?-0561 av. J.-C.),-640,-640,-561.0,-561.0,basnage,coutume,DES SUCCESSIONS COLLATERALES AUX MEUBLES ET ACQUESTS.,introduction,1
406,solon,Solon (0640?-0561 av. J.-C.),-640,-640,-561.0,-561.0,basnage,coutume,DES TESTAMENS.,introduction,1
407,solon,Solon (0640?-0561 av. J.-C.),-640,-640,-561.0,-561.0,basnage,coutume,DU DOUAIRE.,CCCLXIX. Femme quand a doüaire sur les biens du pere et ayeul de son mary.,1
408,solon,Solon (0640?-0561 av. J.-C.),-640,-640,-561.0,-561.0,basnage,coutume,DU DOUAIRE.,CCCLXXIV. Doüaire prefix.,1
409,solon,Solon (0640?-0561 av. J.-C.),-640,-640,-561.0,-561.0,berault,"COMMENTAIRES SVR LES COVSTVMES DV PAYS DE NORMANDIE, ANCIENS RESSORS ET ENCLAVES D ICELVY.",DE DONATIONS.,CCCCXXXIIII.,2
410,solon,Solon (0640?-0561 av. J.-C.),-640,-640,-561.0,-561.0,berault,"COMMENTAIRES SVR LES COVSTVMES DV PAYS DE NORMANDIE, ANCIENS RESSORS ET ENCLAVES D ICELVY.",DE SERVITVDES.,VI. C. VIII.,2
411,solon,Solon (0640?-0561 av. J.-C.),-640,-640,-561.0,-561.0,berault,"COMMENTAIRES SVR LES COVSTVMES DV PAYS DE NORMANDIE, ANCIENS RESSORS ET ENCLAVES D ICELVY.",DE SVCCESSION EN PROPRE ET ANCIEN PATRIMOINE TANT EN ligne directe que collaterale.,CCL.,1
412,solon,Solon (0640?-0561 av. J.-C.),-640,-640,-561.0,-561.0,berault,"COMMENTAIRES SVR LES COVSTVMES DV PAYS DE NORMANDIE, ANCIENS RESSORS ET ENCLAVES D ICELVY.",DE TESTAMENS.,CCCCXII.,1
413,solon,Solon (0640?-0561 av. J.-C.),-640,-640,-561.0,-561.0,berault,"COMMENTAIRES SVR LES COVSTVMES DV PAYS DE NORMANDIE, ANCIENS RESSORS ET ENCLAVES D ICELVY.",DE TESTAMENS.,CCCCXXII.,2
414,solon,Solon (0640?-0561 av. J.-C.),-640,-640,-561.0,-561.0,terrien,"LIVRE DOVZIEME, QVI EST, DES CRIMES ET PROcez criminels.",De larcin. Chap. XX.,La Coustume au chapitre De Justice.,1
415,spartian,"Spartianus, Aelius (03..?-03..?)",300,399,300.0,399.0,basnage,coutume,DE PATRONNAGE D ’ EGLISE.,introduction,1
416,suetone,Suétone (0069?-0126?),69,69,126.0,126.0,basnage,coutume,DE SUCCESSIONS EN PROPRE,CCXXXV. Temps et acte de l ’ adition d ’ heredité.,1
417,suetone,Suétone (0069?-0126?),69,69,126.0,126.0,basnage,coutume,DES FIEFS ET DROITS FEODAUX,CLXIX.,1
418,suetone,Suétone (0069?-0126?),69,69,126.0,126.0,basnage,coutume,DES TESTAMENS.,"CCCCXXII. Disposition par testament du tiers des acquests comment permise, à qui, et au profit de qui.",1
419,suetone,Suétone (0069?-0126?),69,69,126.0,126.0,berault,"COMMENTAIRES SVR LES COVSTVMES DV PAYS DE NORMANDIE, ANCIENS RESSORS ET ENCLAVES D ICELVY.",DE BANON ET DEFENS.,LXXXV.,1
420,suetone,Suétone (0069?-0126?),69,69,126.0,126.0,berault,"COMMENTAIRES SVR LES COVSTVMES DV PAYS DE NORMANDIE, ANCIENS RESSORS ET ENCLAVES D ICELVY.",TITRE DE JURISDICTION.,XX.,1
421,suetone,Suétone (0069?-0126?),69,69,126.0,126.0,terrien,"LIVRE DOVZIEME, QVI EST, DES CRIMES ET PROcez criminels.","De forfaiture de confiscation et biens, Chap. XL.",Charles ix tenant les Estats à Orléans 1560.,1
422,suetone,Suétone (0069?-0126?),69,69,126.0,126.0,terrien,"LIVRE QVATORZIEME QVI EST, DES EAVX, ET FORESTS.",Du bois qui se prend pour les euures du Roy. Chap. XV.,François 1515.,1
423,tacite,Tacite (0055?-0120?),55,55,120.0,120.0,basnage,coutume,"DE SUCCESSION EN PROPRE AU BAILLIAGE DE CAUX, ET AUTRES LIEUX TENANS NATURE D ’ ICELUY.",introduction,1
424,tacite,Tacite (0055?-0120?),55,55,120.0,120.0,basnage,coutume,DE SUCCESSIONS EN PROPRE,CCL. Que peut donner le pere mariant sa fille.,1
425,tacite,Tacite (0055?-0120?),55,55,120.0,120.0,basnage,coutume,DES FIEFS ET DROITS FEODAUX,CCVI. En quel cas le Seigneur peut détourner l ’ eau courante en son fief.,1
426,tacite,Tacite (0055?-0120?),55,55,120.0,120.0,basnage,coutume,DES FIEFS ET DROITS FEODAUX,CXLIX.,1
427,tacite,Tacite (0055?-0120?),55,55,120.0,120.0,basnage,coutume,DU DOUAIRE.,CCCLXXXIX. Femme n ’ a communauté avec le mary.,1
428,tacite,Tacite (0055?-0120?),55,55,120.0,120.0,basnage,coutume,DU DOUAIRE.,introduction,1
429,tacite,Tacite (0055?-0120?),55,55,120.0,120.0,basnage,coutume,TITRE DE JURISDICTION.,XLVIII.,1
430,tacite,Tacite (0055?-0120?),55,55,120.0,120.0,basnage,coutume,TITRE DE JURISDICTION.,XXI.,1
431,tacite,Tacite (0055?-0120?),55,55,120.0,120.0,basnage,coutume,TITRE DE JURISDICTION.,introduction,1
432,tacite,Tacite (0055?-0120?),55,55,120.0,120.0,berault,"COMMENTAIRES SVR LES COVSTVMES DV PAYS DE NORMANDIE, ANCIENS RESSORS ET ENCLAVES D ICELVY.",CHAPITRE DE GARDES.,CCXXVIII.,1
433,tacite,Tacite (0055?-0120?),55,55,120.0,120.0,berault,"COMMENTAIRES SVR LES COVSTVMES DV PAYS DE NORMANDIE, ANCIENS RESSORS ET ENCLAVES D ICELVY.",DE DONATIONS.,CCCCXLIX.,1
434,tacite,Tacite (0055?-0120?),55,55,120.0,120.0,berault,"COMMENTAIRES SVR LES COVSTVMES DV PAYS DE NORMANDIE, ANCIENS RESSORS ET ENCLAVES D ICELVY.","DE DOVAIRE DE FEMMES, ET VEVFVAGE. des maris.",CCCXCIIII.,1
435,tacite,Tacite (0055?-0120?),55,55,120.0,120.0,berault,"COMMENTAIRES SVR LES COVSTVMES DV PAYS DE NORMANDIE, ANCIENS RESSORS ET ENCLAVES D ICELVY.",DE SVCCESSION EN PROPRE ET ANCIEN PATRIMOINE TANT EN ligne directe que collaterale.,CCL.,1
436,tacite,Tacite (0055?-0120?),55,55,120.0,120.0,berault,"COMMENTAIRES SVR LES COVSTVMES DV PAYS DE NORMANDIE, ANCIENS RESSORS ET ENCLAVES D ICELVY.",DE TESTAMENS.,introduction,1
437,tacite,Tacite (0055?-0120?),55,55,120.0,120.0,berault,"COMMENTAIRES SVR LES COVSTVMES DV PAYS DE NORMANDIE, ANCIENS RESSORS ET ENCLAVES D ICELVY.",TITRE DE JURISDICTION.,II.,1
438,tacite,Tacite (0055?-0120?),55,55,120.0,120.0,berault,"COMMENTAIRES SVR LES COVSTVMES DV PAYS DE NORMANDIE, ANCIENS RESSORS ET ENCLAVES D ICELVY.",TITRE DE JURISDICTION.,XLIX.,1
439,tacite,Tacite (0055?-0120?),55,55,120.0,120.0,pesnelle,COUTUME DE NORMANDIE.,"CHAPITRE DIX-HUITIEME. DES RETRAITS, AUTREMENT DITS CLAMEUR DE BOURSE.",introduction,1
440,tacite,Tacite (0055?-0120?),55,55,120.0,120.0,pesnelle,COUTUME DE NORMANDIE.,"CHAPITRE ONZIEME. DE SUCCESSION EN PROPRE, ET ANCIEN PATRIMOINE, TANT EN LIGNE DIRECTE QUE COLLATERALE.",CCXLIX.,1
441,tacite,Tacite (0055?-0120?),55,55,120.0,120.0,pesnelle,COUTUME DE NORMANDIE.,CHAPITRE SEIZIEME. DES TESTAMENS.,introduction,2
442,tacite,Tacite (0055?-0120?),55,55,120.0,120.0,pesnelle,COUTUME DE NORMANDIE.,Premiere Partie du Douaire.,introduction,1
443,tacite,Tacite (0055?-0120?),55,55,120.0,120.0,terrien,"LIVRE CINQVIEME, QVI EST, DE LA DIFFERENCE DES biens, de teneures et droicts seigneuriaux.",Des Fiefs Chap. II.,Au chapitre De teneure par hommage.,1
444,tacite,Tacite (0055?-0120?),55,55,120.0,120.0,terrien,"LIVRE DOVZIEME, QVI EST, DES CRIMES ET PROcez criminels.",Des chasses. Chap. XLV.,Ledit François 1533.,1
445,terence,Térence (0190?-0159 av. J.-C.),-190,-190,-159.0,-159.0,basnage,coutume,DE BREF DE MARIAGE ENCOMBRÉ.,CCCCCXXXVII. Bref de mariage encombré.,1
446,terence,Térence (0190?-0159 av. J.-C.),-190,-190,-159.0,-159.0,basnage,coutume,DE HARO.,LIV. En quel cas le Haro peut être interjetté.,1
447,terence,Térence (0190?-0159 av. J.-C.),-190,-190,-159.0,-159.0,basnage,coutume,DES DONATIONS.,"CCCCXXXI. Quelles personnes peuvent donner entre vifs, quoy, et à qui.",1
448,terence,Térence (0190?-0159 av. J.-C.),-190,-190,-159.0,-159.0,basnage,coutume,DES FIEFS ET DROITS FEODAUX,CLXVIII. Trois sortes d ’ aides.,1
449,terence,Térence (0190?-0159 av. J.-C.),-190,-190,-159.0,-159.0,basnage,coutume,DES RETRAITS ET CLAMEUR DE BOURSE.,CCCCLXIX.,1
450,terence,Térence (0190?-0159 av. J.-C.),-190,-190,-159.0,-159.0,basnage,coutume,DU DOUAIRE.,CCCLXIX. Femme quand a doüaire sur les biens du pere et ayeul de son mary.,1
451,terence,Térence (0190?-0159 av. J.-C.),-190,-190,-159.0,-159.0,berault,"COMMENTAIRES SVR LES COVSTVMES DV PAYS DE NORMANDIE, ANCIENS RESSORS ET ENCLAVES D ICELVY.",DE HARO.,introduction,1
452,tertullien,Tertullien (0155?-0222?),155,155,222.0,222.0,basnage,coutume,DE SERVITUDES.,introduction,1
453,tertullien,Tertullien (0155?-0222?),155,155,222.0,222.0,basnage,coutume,DE SUCCESSIONS EN PROPRE,CCXLVII. Comment les biens sont faits propres.,1
454,tertullien,Tertullien (0155?-0222?),155,155,222.0,222.0,basnage,coutume,DES FIEFS ET DROITS FEODAUX,introduction,1
455,tertullien,Tertullien (0155?-0222?),155,155,222.0,222.0,basnage,coutume,DES TESTAMENS.,CCCCXII. Forme et solennité de Testament.,1
456,tertullien,Tertullien (0155?-0222?),155,155,222.0,222.0,basnage,coutume,DU DOUAIRE.,CCCLXIX. Femme quand a doüaire sur les biens du pere et ayeul de son mary.,1
457,tertullien,Tertullien (0155?-0222?),155,155,222.0,222.0,basnage,coutume,DU DOUAIRE.,CCCLXXXVII.,1
458,tertullien,Tertullien (0155?-0222?),155,155,222.0,222.0,basnage,coutume,TITRE DE JURISDICTION.,XIII.,1
459,tertullien,Tertullien (0155?-0222?),155,155,222.0,222.0,basnage,coutume,TITRE DES EXECUTIONS. PAR DECRET,introduction,1
460,tertullien,Tertullien (0155?-0222?),155,155,222.0,222.0,terrien,"LIVRE SIXIEME QVI EST, DE SVCCESSION ET partages d ’ héritage.",D ’ escheance par héritage. Chap. II.,La Coustume.,2
461,theophile,Théophile Antecessor (05..-05..),500,599,500.0,599.0,basnage,coutume,DE SUCCESSIONS EN PROPRE,CCXXXV. Temps et acte de l ’ adition d ’ heredité.,1
462,thucydide,Thucydide (0460?-0395? av. J.-C.),-460,-460,-395.0,-395.0,basnage,coutume,DE PATRONNAGE D ’ EGLISE.,LXIX. Temps de presenter les Patrons Laïques et Ecclesiastiques.,1
463,tite-live,Tite-Live (0059? av. J.-C.-0017),-59,-59,17.0,17.0,basnage,coutume,DE LOY APPAROISSANTE,introduction,1
464,tite-live,Tite-Live (0059? av. J.-C.-0017),-59,-59,17.0,17.0,basnage,coutume,DES FIEFS ET DROITS FEODAUX,CXLII. Que peut demander celuy qui a fait don de son bien à l ’ Eglise.,1
465,tite-live,Tite-Live (0059? av. J.-C.-0017),-59,-59,17.0,17.0,berault,"COMMENTAIRES SVR LES COVSTVMES DV PAYS DE NORMANDIE, ANCIENS RESSORS ET ENCLAVES D ICELVY.",TITRE DE JURISDICTION.,IX.,1
466,tite-live,Tite-Live (0059? av. J.-C.-0017),-59,-59,17.0,17.0,berault,"COMMENTAIRES SVR LES COVSTVMES DV PAYS DE NORMANDIE, ANCIENS RESSORS ET ENCLAVES D ICELVY.",TITRE DE JURISDICTION.,introduction,1
467,ulpien,Ulpien (0160-0228),160,160,225.0,225.0,basnage,coutume,DE LOY APPAROISSANTE,"LX. Mandement de Loy apparente, par qui, et en quel temps peut être obtenu.",2
468,ulpien,Ulpien (0160-0228),160,160,225.0,225.0,basnage,coutume,DE PRESCRIPTIONS.,"CCCCCXXIII. Faculté de toutefois et quantes, comment se prescrit.",1
469,ulpien,Ulpien (0160-0228),160,160,225.0,225.0,basnage,coutume,DE SERVITUDES.,DCVII.,2
470,ulpien,Ulpien (0160-0228),160,160,225.0,225.0,basnage,coutume,DE SERVITUDES.,DCXXII.,1
471,ulpien,Ulpien (0160-0228),160,160,225.0,225.0,basnage,coutume,DE SUCCESSIONS EN PROPRE,CCXXXV. Temps et acte de l ’ adition d ’ heredité.,6
472,ulpien,Ulpien (0160-0228),160,160,225.0,225.0,basnage,coutume,DE VARECH.,introduction,2
473,ulpien,Ulpien (0160-0228),160,160,225.0,225.0,basnage,coutume,DES DONATIONS.,CCCCXLV. Comment s ’ entend donner et retenir.,1
474,ulpien,Ulpien (0160-0228),160,160,225.0,225.0,basnage,coutume,DES FIEFS ET DROITS FEODAUX,CCVI. En quel cas le Seigneur peut détourner l ’ eau courante en son fief.,1
475,ulpien,Ulpien (0160-0228),160,160,225.0,225.0,basnage,coutume,DES TESTAMENS.,CCCCXII. Forme et solennité de Testament.,1
476,ulpien,Ulpien (0160-0228),160,160,225.0,225.0,basnage,coutume,DES TESTAMENS.,CCCCXIII.,1
477,ulpien,Ulpien (0160-0228),160,160,225.0,225.0,basnage,coutume,DES TESTAMENS.,CCCCXIV. Quelles personnes peuvent tester de meuble et comment.,3
478,ulpien,Ulpien (0160-0228),160,160,225.0,225.0,basnage,coutume,DES TESTAMENS.,"CCCCXXII. Disposition par testament du tiers des acquests comment permise, à qui, et au profit de qui.",2
479,ulpien,Ulpien (0160-0228),160,160,225.0,225.0,basnage,coutume,DU DOUAIRE.,CCCLXIX. Femme quand a doüaire sur les biens du pere et ayeul de son mary.,3
480,ulpien,Ulpien (0160-0228),160,160,225.0,225.0,basnage,coutume,DU DOUAIRE.,CCCLXXV. Charge du doüaire.,1
481,ulpien,Ulpien (0160-0228),160,160,225.0,225.0,basnage,coutume,DU DOUAIRE.,CCCLXXVII.,2
482,ulpien,Ulpien (0160-0228),160,160,225.0,225.0,basnage,coutume,DU DOUAIRE.,CCCXCI. Meubles de la femme separée de biens à qui appartienent.,1
483,ulpien,Ulpien (0160-0228),160,160,225.0,225.0,basnage,coutume,TITRE DE JURISDICTION.,XXIV. Jurisdiction des Bas-Justiciers.,1
484,ulpien,Ulpien (0160-0228),160,160,225.0,225.0,berault,"COMMENTAIRES SVR LES COVSTVMES DV PAYS DE NORMANDIE, ANCIENS RESSORS ET ENCLAVES D ICELVY.",CHAPITRE DES FIEFS ET DROITS FEODAVX.,CCVI.,1
485,ulpien,Ulpien (0160-0228),160,160,225.0,225.0,berault,"COMMENTAIRES SVR LES COVSTVMES DV PAYS DE NORMANDIE, ANCIENS RESSORS ET ENCLAVES D ICELVY.",DE SERVITVDES.,VI. C. VIII.,1
486,ulpien,Ulpien (0160-0228),160,160,225.0,225.0,berault,"COMMENTAIRES SVR LES COVSTVMES DV PAYS DE NORMANDIE, ANCIENS RESSORS ET ENCLAVES D ICELVY.",DE SVCCESSION EN PROPRE ET ANCIEN PATRIMOINE TANT EN ligne directe que collaterale.,CCXXXV.,1
487,ulpien,Ulpien (0160-0228),160,160,225.0,225.0,pesnelle,COUTUME DE NORMANDIE.,"CHAPITRE ONZIEME. DE SUCCESSION EN PROPRE, ET ANCIEN PATRIMOINE, TANT EN LIGNE DIRECTE QUE COLLATERALE.",CCXXXV.,1
488,ulpien,Ulpien (0160-0228),160,160,225.0,225.0,pesnelle,COUTUME DE NORMANDIE.,CHAPITRE VINGT-QUATRIEME. DE SERVITUDES.,DCXX.,1
489,ulpien,Ulpien (0160-0228),160,160,225.0,225.0,pesnelle,COUTUME DE NORMANDIE.,CHAPITRE VINGT-QUATRIEME. DE SERVITUDES.,DCXXII.,1
490,ulpien,Ulpien (0160-0228),160,160,225.0,225.0,pesnelle,COUTUME DE NORMANDIE.,"Septieme Partie, du Douaire des Enfans,",CCCXCIX.,1
491,ulpien,Ulpien (0160-0228),160,160,225.0,225.0,terrien,"LIVRE DOVZIEME, QVI EST, DES CRIMES ET PROcez criminels.","D ’ inquisition d ’ office de Iustice, ce du deuoir des Iuges. Chap. XXXI.",Au chapitre De Justicier.,1
492,ulpien,Ulpien (0160-0228),160,160,225.0,225.0,terrien,"LIVRE PREMIER QVI EST, DE LA IVSTICE ET DV droict des Normans.",De Droict et de Iustice. Chap. I.,La Coustume au premier chapitre.,3
493,ulpien,Ulpien (0160-0228),160,160,225.0,225.0,terrien,"LIVRE QVATORZIEME QVI EST, DES EAVX, ET FORESTS.","François 1515. Des caables, cs menus marchez debois. Chap. IX.",1518.,1
494,velleius,"Velleius Paterculus, Caius (0019? av. J.-C.-0031?)",-19,-19,31.0,31.0,berault,"COMMENTAIRES SVR LES COVSTVMES DV PAYS DE NORMANDIE, ANCIENS RESSORS ET ENCLAVES D ICELVY.",DE SERVITVDES.,VI. C. XVI.,1
495,virgile,Virgile (0070-0019 av. J.-C.),-70,-70,-19.0,-19.0,basnage,coutume,DE SUCCESSIONS EN PROPRE,CCXLIX. Mariage avenant.,1
496,virgile,Virgile (0070-0019 av. J.-C.),-70,-70,-19.0,-19.0,basnage,coutume,DES FIEFS ET DROITS FEODAUX,CCX. Nouvelle construction de pescherie et moulin.,2
497,virgile,Virgile (0070-0019 av. J.-C.),-70,-70,-19.0,-19.0,basnage,coutume,DES FIEFS ET DROITS FEODAUX,CXLII. Que peut demander celuy qui a fait don de son bien à l ’ Eglise.,1
498,virgile,Virgile (0070-0019 av. J.-C.),-70,-70,-19.0,-19.0,basnage,coutume,TITRE DE JURISDICTION.,XII.,1
499,virgile,Virgile (0070-0019 av. J.-C.),-70,-70,-19.0,-19.0,berault,"COMMENTAIRES SVR LES COVSTVMES DV PAYS DE NORMANDIE, ANCIENS RESSORS ET ENCLAVES D ICELVY.",CHAPITRE DES FIEFS ET DROITS FEODAVX.,CXXVI.,1
500,virgile,Virgile (0070-0019 av. J.-C.),-70,-70,-19.0,-19.0,pesnelle,COUTUME DE NORMANDIE.,"Seconde Partie, du Droit de Viduité.",CCCLXXXV.,1
501,virgile,Virgile (0070-0019 av. J.-C.),-70,-70,-19.0,-19.0,terrien,"LIVRE DOVZIEME, QVI EST, DES CRIMES ET PROcez criminels.","De simple querelle personnel, qui se fait pour bateries co mal-façons de corps. Chap. : XXVI.","Au chapitre De bref. de mar., encom.",1
502,virgile,Virgile (0070-0019 av. J.-C.),-70,-70,-19.0,-19.0,terrien,"LIVRE PREMIER QVI EST, DE LA IVSTICE ET DV droict des Normans.",De Droict et de Iustice. Chap. I.,La Coustume au premier chapitre.,1
503,virgile,Virgile (0070-0019 av. J.-C.),-70,-70,-19.0,-19.0,terrien,"LIVRE QVATORZIEME QVI EST, DES EAVX, ET FORESTS.",Du bois qui se prend pour les euures du Roy. Chap. XV.,François 1515.,1
504,vopiscus,"Vopiscus, Flavius (02..-03..)",200,299,300.0,399.0,basnage,coutume,DES FIEFS ET DROITS FEODAUX,introduction,1
505,xenophon,"Vossius, Gerardus Joannes (1577-1649)",-430,-430,-355.0,-355.0,basnage,coutume,DE SUCCESSIONS EN PROPRE,CCXXXV. Temps et acte de l ’ adition d ’ heredité.,2
506,xenophon,"Vossius, Gerardus Joannes (1577-1649)",-430,-430,-355.0,-355.0,terrien,"LIVRE DOVZIEME, QVI EST, DES CRIMES ET PROcez criminels.",Des chasses. Chap. XLV.,Ledit François 1533.,1
507,zenon,Zénon (0430?-0491 ; empereur d'Orient),430,430,491.0,491.0,basnage,coutume,DES FIEFS ET DROITS FEODAUX,CCX. Nouvelle construction de pescherie et moulin.,1
